Trafikkregistreringspunkt;Navn;Vegreferanse;Fra;Til;År;Måned;Volum;Konfidensintervall start;Konfidensintervall slutt;Dekningsgrad (%);Antall døgn total;Antall døgn inkludert;Antall døgn ugyldig;Ikke gyldig lengde;Lengdekvalitetsgrad (%);Felt;< 5,6m;>= 5,6m;5,6m - 7,6m;7,6m - 12,5m;12,5m - 16,0m;16,0m - 24,0m;>= 24,0m
00264B521464;Luksefjellvegen sykkeltellepunkt;FV3280 S1D1 m94;2020-01-01T00:00+01:00;2020-02-01T00:00+01:00;2020;1;23;19;27;100,0;31;31;0;23;0,0;1;-;-;-;-;-;-;-
00264B521464;Luksefjellvegen sykkeltellepunkt;FV3280 S1D1 m94;2020-01-01T00:00+01:00;2020-02-01T00:00+01:00;2020;1;12;10;14;100,0;31;31;0;12;0,0;Totalt i retning Vattenberg;-;-;-;-;-;-;-
00264B521464;Luksefjellvegen sykkeltellepunkt;FV3280 S1D1 m94;2020-01-01T00:00+01:00;2020-02-01T00:00+01:00;2020;1;11;9;13;100,0;31;31;0;11;0,0;Totalt i retning Rising;-;-;-;-;-;-;-
00264B521464;Luksefjellvegen sykkeltellepunkt;FV3280 S1D1 m94;2020-01-01T00:00+01:00;2020-02-01T00:00+01:00;2020;1;23;19;27;100,0;31;31;0;23;0,0;Totalt;-;-;-;-;-;-;-
00264B521464;Luksefjellvegen sykkeltellepunkt;FV3280 S1D1 m94;2020-02-01T00:00+01:00;2020-03-01T00:00+01:00;2020;2;25;20;30;100,0;29;29;0;25;0,0;1;-;-;-;-;-;-;-
00264B521464;Luksefjellvegen sykkeltellepunkt;FV3280 S1D1 m94;2020-02-01T00:00+01:00;2020-03-01T00:00+01:00;2020;2;13;11;15;100,0;29;29;0;13;0,0;Totalt i retning Vattenberg;-;-;-;-;-;-;-
00264B521464;Luksefjellvegen sykkeltellepunkt;FV3280 S1D1 m94;2020-02-01T00:00+01:00;2020-03-01T00:00+01:00;2020;2;13;11;15;100,0;29;29;0;13;0,0;Totalt i retning Rising;-;-;-;-;-;-;-
00264B521464;Luksefjellvegen sykkeltellepunkt;FV3280 S1D1 m94;2020-02-01T00:00+01:00;2020-03-01T00:00+01:00;2020;2;25;20;30;100,0;29;29;0;25;0,0;Totalt;-;-;-;-;-;-;-
00264B521464;Luksefjellvegen sykkeltellepunkt;FV3280 S1D1 m94;2020-03-01T00:00+01:00;2020-04-01T00:00+02:00;2020;3;41;34;48;100,0;31;31;0;41;0,0;1;-;-;-;-;-;-;-
00264B521464;Luksefjellvegen sykkeltellepunkt;FV3280 S1D1 m94;2020-03-01T00:00+01:00;2020-04-01T00:00+02:00;2020;3;22;18;26;100,0;31;31;0;22;0,0;Totalt i retning Vattenberg;-;-;-;-;-;-;-
00264B521464;Luksefjellvegen sykkeltellepunkt;FV3280 S1D1 m94;2020-03-01T00:00+01:00;2020-04-01T00:00+02:00;2020;3;19;15;23;100,0;31;31;0;19;0,0;Totalt i retning Rising;-;-;-;-;-;-;-
00264B521464;Luksefjellvegen sykkeltellepunkt;FV3280 S1D1 m94;2020-03-01T00:00+01:00;2020-04-01T00:00+02:00;2020;3;41;34;48;100,0;31;31;0;41;0,0;Totalt;-;-;-;-;-;-;-
00264B521464;Luksefjellvegen sykkeltellepunkt;FV3280 S1D1 m94;2020-04-01T00:00+02:00;2020-05-01T00:00+02:00;2020;4;87;75;99;100,0;30;30;0;87;0,0;1;-;-;-;-;-;-;-
00264B521464;Luksefjellvegen sykkeltellepunkt;FV3280 S1D1 m94;2020-04-01T00:00+02:00;2020-05-01T00:00+02:00;2020;4;47;41;53;100,0;30;30;0;47;0,0;Totalt i retning Vattenberg;-;-;-;-;-;-;-
00264B521464;Luksefjellvegen sykkeltellepunkt;FV3280 S1D1 m94;2020-04-01T00:00+02:00;2020-05-01T00:00+02:00;2020;4;39;33;45;100,0;30;30;0;39;0,0;Totalt i retning Rising;-;-;-;-;-;-;-
00264B521464;Luksefjellvegen sykkeltellepunkt;FV3280 S1D1 m94;2020-04-01T00:00+02:00;2020-05-01T00:00+02:00;2020;4;87;75;99;100,0;30;30;0;87;0,0;Totalt;-;-;-;-;-;-;-
00264B521464;Luksefjellvegen sykkeltellepunkt;FV3280 S1D1 m94;2020-05-01T00:00+02:00;2020-06-01T00:00+02:00;2020;5;115;99;131;100,0;31;31;0;115;0,0;1;-;-;-;-;-;-;-
00264B521464;Luksefjellvegen sykkeltellepunkt;FV3280 S1D1 m94;2020-05-01T00:00+02:00;2020-06-01T00:00+02:00;2020;5;63;54;72;100,0;31;31;0;63;0,0;Totalt i retning Vattenberg;-;-;-;-;-;-;-
00264B521464;Luksefjellvegen sykkeltellepunkt;FV3280 S1D1 m94;2020-05-01T00:00+02:00;2020-06-01T00:00+02:00;2020;5;53;45;61;100,0;31;31;0;53;0,0;Totalt i retning Rising;-;-;-;-;-;-;-
00264B521464;Luksefjellvegen sykkeltellepunkt;FV3280 S1D1 m94;2020-05-01T00:00+02:00;2020-06-01T00:00+02:00;2020;5;115;99;131;100,0;31;31;0;115;0,0;Totalt;-;-;-;-;-;-;-
00264B521464;Luksefjellvegen sykkeltellepunkt;FV3280 S1D1 m94;2020-06-01T00:00+02:00;2020-07-01T00:00+02:00;2020;6;140;116;164;100,0;30;30;0;140;0,0;1;-;-;-;-;-;-;-
00264B521464;Luksefjellvegen sykkeltellepunkt;FV3280 S1D1 m94;2020-06-01T00:00+02:00;2020-07-01T00:00+02:00;2020;6;72;59;85;100,0;30;30;0;72;0,0;Totalt i retning Vattenberg;-;-;-;-;-;-;-
00264B521464;Luksefjellvegen sykkeltellepunkt;FV3280 S1D1 m94;2020-06-01T00:00+02:00;2020-07-01T00:00+02:00;2020;6;68;56;80;100,0;30;30;0;68;0,0;Totalt i retning Rising;-;-;-;-;-;-;-
00264B521464;Luksefjellvegen sykkeltellepunkt;FV3280 S1D1 m94;2020-06-01T00:00+02:00;2020-07-01T00:00+02:00;2020;6;140;116;164;100,0;30;30;0;140;0,0;Totalt;-;-;-;-;-;-;-
00264B521464;Luksefjellvegen sykkeltellepunkt;FV3280 S1D1 m94;2020-07-01T00:00+02:00;2020-08-01T00:00+02:00;2020;7;88;78;98;100,0;31;31;0;88;0,0;1;-;-;-;-;-;-;-
00264B521464;Luksefjellvegen sykkeltellepunkt;FV3280 S1D1 m94;2020-07-01T00:00+02:00;2020-08-01T00:00+02:00;2020;7;47;41;53;100,0;31;31;0;47;0,0;Totalt i retning Vattenberg;-;-;-;-;-;-;-
00264B521464;Luksefjellvegen sykkeltellepunkt;FV3280 S1D1 m94;2020-07-01T00:00+02:00;2020-08-01T00:00+02:00;2020;7;41;36;46;100,0;31;31;0;41;0,0;Totalt i retning Rising;-;-;-;-;-;-;-
00264B521464;Luksefjellvegen sykkeltellepunkt;FV3280 S1D1 m94;2020-07-01T00:00+02:00;2020-08-01T00:00+02:00;2020;7;88;78;98;100,0;31;31;0;88;0,0;Totalt;-;-;-;-;-;-;-
00264B521464;Luksefjellvegen sykkeltellepunkt;FV3280 S1D1 m94;2020-08-01T00:00+02:00;2020-09-01T00:00+02:00;2020;8;130;112;148;100,0;31;31;0;130;0,0;1;-;-;-;-;-;-;-
00264B521464;Luksefjellvegen sykkeltellepunkt;FV3280 S1D1 m94;2020-08-01T00:00+02:00;2020-09-01T00:00+02:00;2020;8;70;61;79;100,0;31;31;0;70;0,0;Totalt i retning Vattenberg;-;-;-;-;-;-;-
00264B521464;Luksefjellvegen sykkeltellepunkt;FV3280 S1D1 m94;2020-08-01T00:00+02:00;2020-09-01T00:00+02:00;2020;8;60;51;69;100,0;31;31;0;60;0,0;Totalt i retning Rising;-;-;-;-;-;-;-
00264B521464;Luksefjellvegen sykkeltellepunkt;FV3280 S1D1 m94;2020-08-01T00:00+02:00;2020-09-01T00:00+02:00;2020;8;130;112;148;100,0;31;31;0;130;0,0;Totalt;-;-;-;-;-;-;-
00264B521464;Luksefjellvegen sykkeltellepunkt;FV3280 S1D1 m94;2020-09-01T00:00+02:00;2020-10-01T00:00+02:00;2020;9;122;108;136;100,0;30;30;0;122;0,0;1;-;-;-;-;-;-;-
00264B521464;Luksefjellvegen sykkeltellepunkt;FV3280 S1D1 m94;2020-09-01T00:00+02:00;2020-10-01T00:00+02:00;2020;9;64;57;71;100,0;30;30;0;64;0,0;Totalt i retning Vattenberg;-;-;-;-;-;-;-
00264B521464;Luksefjellvegen sykkeltellepunkt;FV3280 S1D1 m94;2020-09-01T00:00+02:00;2020-10-01T00:00+02:00;2020;9;58;50;66;100,0;30;30;0;58;0,0;Totalt i retning Rising;-;-;-;-;-;-;-
00264B521464;Luksefjellvegen sykkeltellepunkt;FV3280 S1D1 m94;2020-09-01T00:00+02:00;2020-10-01T00:00+02:00;2020;9;122;108;136;100,0;30;30;0;122;0,0;Totalt;-;-;-;-;-;-;-
00264B521464;Luksefjellvegen sykkeltellepunkt;FV3280 S1D1 m94;2020-10-01T00:00+02:00;2020-11-01T00:00+01:00;2020;10;66;57;75;100,0;31;31;0;66;0,0;1;-;-;-;-;-;-;-
00264B521464;Luksefjellvegen sykkeltellepunkt;FV3280 S1D1 m94;2020-10-01T00:00+02:00;2020-11-01T00:00+01:00;2020;10;34;29;39;100,0;31;31;0;34;0,0;Totalt i retning Vattenberg;-;-;-;-;-;-;-
00264B521464;Luksefjellvegen sykkeltellepunkt;FV3280 S1D1 m94;2020-10-01T00:00+02:00;2020-11-01T00:00+01:00;2020;10;32;27;37;100,0;31;31;0;32;0,0;Totalt i retning Rising;-;-;-;-;-;-;-
00264B521464;Luksefjellvegen sykkeltellepunkt;FV3280 S1D1 m94;2020-10-01T00:00+02:00;2020-11-01T00:00+01:00;2020;10;66;57;75;100,0;31;31;0;66;0,0;Totalt;-;-;-;-;-;-;-
00264B521464;Luksefjellvegen sykkeltellepunkt;FV3280 S1D1 m94;2020-11-01T00:00+01:00;2020-12-01T00:00+01:00;2020;11;52;43;61;100,0;30;30;0;52;0,0;1;-;-;-;-;-;-;-
00264B521464;Luksefjellvegen sykkeltellepunkt;FV3280 S1D1 m94;2020-11-01T00:00+01:00;2020-12-01T00:00+01:00;2020;11;28;23;33;100,0;30;30;0;28;0,0;Totalt i retning Vattenberg;-;-;-;-;-;-;-
00264B521464;Luksefjellvegen sykkeltellepunkt;FV3280 S1D1 m94;2020-11-01T00:00+01:00;2020-12-01T00:00+01:00;2020;11;24;20;28;100,0;30;30;0;24;0,0;Totalt i retning Rising;-;-;-;-;-;-;-
00264B521464;Luksefjellvegen sykkeltellepunkt;FV3280 S1D1 m94;2020-11-01T00:00+01:00;2020-12-01T00:00+01:00;2020;11;52;43;61;100,0;30;30;0;52;0,0;Totalt;-;-;-;-;-;-;-
00264B521464;Luksefjellvegen sykkeltellepunkt;FV3280 S1D1 m94;2020-12-01T00:00+01:00;2021-01-01T00:00+01:00;2020;12;20;16;24;100,0;31;31;0;20;0,0;1;-;-;-;-;-;-;-
00264B521464;Luksefjellvegen sykkeltellepunkt;FV3280 S1D1 m94;2020-12-01T00:00+01:00;2021-01-01T00:00+01:00;2020;12;11;9;13;100,0;31;31;0;11;0,0;Totalt i retning Vattenberg;-;-;-;-;-;-;-
00264B521464;Luksefjellvegen sykkeltellepunkt;FV3280 S1D1 m94;2020-12-01T00:00+01:00;2021-01-01T00:00+01:00;2020;12;10;8;12;100,0;31;31;0;10;0,0;Totalt i retning Rising;-;-;-;-;-;-;-
00264B521464;Luksefjellvegen sykkeltellepunkt;FV3280 S1D1 m94;2020-12-01T00:00+01:00;2021-01-01T00:00+01:00;2020;12;20;16;24;100,0;31;31;0;20;0,0;Totalt;-;-;-;-;-;-;-
00344V521377;Bambletunnelen syd;EV18 S26D1 m1260;2020-01-01T00:00+01:00;2020-02-01T00:00+01:00;2020;1;4536;4326;4746;100,0;31;31;0;0;100,0;1;3734;802;137;190;79;381;16
00344V521377;Bambletunnelen syd;EV18 S26D1 m1260;2020-01-01T00:00+01:00;2020-02-01T00:00+01:00;2020;1;4857;4593;5121;100,0;31;31;0;1;100,0;2;4015;841;145;196;61;421;17
00344V521377;Bambletunnelen syd;EV18 S26D1 m1260;2020-01-01T00:00+01:00;2020-02-01T00:00+01:00;2020;1;4536;4326;4746;100,0;31;31;0;0;100,0;Totalt i retning Porsgrunn;3734;802;137;190;79;381;16
00344V521377;Bambletunnelen syd;EV18 S26D1 m1260;2020-01-01T00:00+01:00;2020-02-01T00:00+01:00;2020;1;4857;4593;5121;100,0;31;31;0;1;100,0;Totalt i retning Bamble;4015;841;145;196;61;421;17
00344V521377;Bambletunnelen syd;EV18 S26D1 m1260;2020-01-01T00:00+01:00;2020-02-01T00:00+01:00;2020;1;9393;8935;9851;100,0;31;31;0;1;100,0;Totalt;7749;1643;282;386;140;802;33
00344V521377;Bambletunnelen syd;EV18 S26D1 m1260;2020-02-01T00:00+01:00;2020-03-01T00:00+01:00;2020;2;4954;4640;5268;100,0;29;29;0;1;100,0;1;4119;835;143;198;76;402;15
00344V521377;Bambletunnelen syd;EV18 S26D1 m1260;2020-02-01T00:00+01:00;2020-03-01T00:00+01:00;2020;2;5269;4928;5610;100,0;29;29;0;1;100,0;2;4398;871;153;210;58;433;17
00344V521377;Bambletunnelen syd;EV18 S26D1 m1260;2020-02-01T00:00+01:00;2020-03-01T00:00+01:00;2020;2;4954;4640;5268;100,0;29;29;0;1;100,0;Totalt i retning Porsgrunn;4119;834;143;198;76;402;15
00344V521377;Bambletunnelen syd;EV18 S26D1 m1260;2020-02-01T00:00+01:00;2020-03-01T00:00+01:00;2020;2;5270;4929;5611;100,0;29;29;0;1;100,0;Totalt i retning Bamble;4398;871;153;210;58;433;17
00344V521377;Bambletunnelen syd;EV18 S26D1 m1260;2020-02-01T00:00+01:00;2020-03-01T00:00+01:00;2020;2;10224;9586;10862;100,0;29;29;0;2;100,0;Totalt;8517;1705;297;408;134;835;31
00344V521377;Bambletunnelen syd;EV18 S26D1 m1260;2020-03-01T00:00+01:00;2020-04-01T00:00+02:00;2020;3;3908;3595;4221;100,0;31;31;0;1;100,0;1;3040;867;137;207;72;435;15
00344V521377;Bambletunnelen syd;EV18 S26D1 m1260;2020-03-01T00:00+01:00;2020-04-01T00:00+02:00;2020;3;4219;3841;4597;100,0;31;31;0;1;100,0;2;3315;903;145;217;52;472;17
00344V521377;Bambletunnelen syd;EV18 S26D1 m1260;2020-03-01T00:00+01:00;2020-04-01T00:00+02:00;2020;3;3908;3595;4221;100,0;31;31;0;1;100,0;Totalt i retning Porsgrunn;3040;867;137;207;72;435;15
00344V521377;Bambletunnelen syd;EV18 S26D1 m1260;2020-03-01T00:00+01:00;2020-04-01T00:00+02:00;2020;3;4219;3841;4597;100,0;31;31;0;1;100,0;Totalt i retning Bamble;3315;903;145;217;52;472;17
00344V521377;Bambletunnelen syd;EV18 S26D1 m1260;2020-03-01T00:00+01:00;2020-04-01T00:00+02:00;2020;3;8127;7445;8809;100,0;31;31;0;2;100,0;Totalt;6355;1770;282;424;124;907;33
00344V521377;Bambletunnelen syd;EV18 S26D1 m1260;2020-04-01T00:00+02:00;2020-05-01T00:00+02:00;2020;4;4219;3800;4638;100,0;30;30;0;2;100,0;1;3333;884;152;275;64;382;12
00344V521377;Bambletunnelen syd;EV18 S26D1 m1260;2020-04-01T00:00+02:00;2020-05-01T00:00+02:00;2020;4;4731;4179;5283;100,0;30;30;0;3;99,9;2;3795;933;162;308;43;407;14
00344V521377;Bambletunnelen syd;EV18 S26D1 m1260;2020-04-01T00:00+02:00;2020-05-01T00:00+02:00;2020;4;4219;3801;4637;100,0;30;30;0;2;100,0;Totalt i retning Porsgrunn;3333;884;152;275;64;382;12
00344V521377;Bambletunnelen syd;EV18 S26D1 m1260;2020-04-01T00:00+02:00;2020-05-01T00:00+02:00;2020;4;4731;4179;5283;100,0;30;30;0;3;99,9;Totalt i retning Bamble;3794;933;162;308;43;407;14
00344V521377;Bambletunnelen syd;EV18 S26D1 m1260;2020-04-01T00:00+02:00;2020-05-01T00:00+02:00;2020;4;8950;8083;9817;100,0;30;30;0;5;99,9;Totalt;7127;1818;313;583;106;789;26
00344V521377;Bambletunnelen syd;EV18 S26D1 m1260;2020-05-01T00:00+02:00;2020-06-01T00:00+02:00;2020;5;6006;5418;6594;100,0;31;31;0;14;99,8;1;4921;1071;231;361;67;398;14
00344V521377;Bambletunnelen syd;EV18 S26D1 m1260;2020-05-01T00:00+02:00;2020-06-01T00:00+02:00;2020;5;6697;5794;7600;100,0;31;31;0;5;99,9;2;5549;1143;246;413;54;415;15
00344V521377;Bambletunnelen syd;EV18 S26D1 m1260;2020-05-01T00:00+02:00;2020-06-01T00:00+02:00;2020;5;6006;5418;6594;100,0;31;31;0;14;99,8;Totalt i retning Porsgrunn;4921;1071;231;361;67;398;14
00344V521377;Bambletunnelen syd;EV18 S26D1 m1260;2020-05-01T00:00+02:00;2020-06-01T00:00+02:00;2020;5;6696;5793;7599;100,0;31;31;0;5;99,9;Totalt i retning Bamble;5549;1143;246;413;54;415;15
00344V521377;Bambletunnelen syd;EV18 S26D1 m1260;2020-05-01T00:00+02:00;2020-06-01T00:00+02:00;2020;5;12703;11641;13765;100,0;31;31;0;20;99,8;Totalt;10469;2214;477;774;121;813;29
00344V521377;Bambletunnelen syd;EV18 S26D1 m1260;2020-06-01T00:00+02:00;2020-07-01T00:00+02:00;2020;6;7833;7050;8616;100,0;30;30;0;9;99,9;1;6568;1256;285;419;96;441;16
00344V521377;Bambletunnelen syd;EV18 S26D1 m1260;2020-06-01T00:00+02:00;2020-07-01T00:00+02:00;2020;6;8198;7423;8973;100,0;30;30;0;6;99,9;2;6867;1325;291;463;81;472;19
00344V521377;Bambletunnelen syd;EV18 S26D1 m1260;2020-06-01T00:00+02:00;2020-07-01T00:00+02:00;2020;6;7833;7050;8616;100,0;30;30;0;9;99,9;Totalt i retning Porsgrunn;6568;1256;285;419;96;441;16
00344V521377;Bambletunnelen syd;EV18 S26D1 m1260;2020-06-01T00:00+02:00;2020-07-01T00:00+02:00;2020;6;8198;7423;8973;100,0;30;30;0;6;99,9;Totalt i retning Bamble;6866;1325;291;463;81;472;19
00344V521377;Bambletunnelen syd;EV18 S26D1 m1260;2020-06-01T00:00+02:00;2020-07-01T00:00+02:00;2020;6;16031;14931;17131;100,0;30;30;0;15;99,9;Totalt;13435;2582;575;882;177;912;35
00344V521377;Bambletunnelen syd;EV18 S26D1 m1260;2020-07-01T00:00+02:00;2020-08-01T00:00+02:00;2020;7;10088;9696;10480;100,0;31;31;0;18;99,8;1;8718;1352;361;489;129;359;14
00344V521377;Bambletunnelen syd;EV18 S26D1 m1260;2020-07-01T00:00+02:00;2020-08-01T00:00+02:00;2020;7;10724;10388;11060;100,0;31;31;0;6;99,9;2;9289;1429;373;527;123;389;16
00344V521377;Bambletunnelen syd;EV18 S26D1 m1260;2020-07-01T00:00+02:00;2020-08-01T00:00+02:00;2020;7;10087;9695;10479;100,0;31;31;0;17;99,8;Totalt i retning Porsgrunn;8718;1352;361;489;129;359;14
00344V521377;Bambletunnelen syd;EV18 S26D1 m1260;2020-07-01T00:00+02:00;2020-08-01T00:00+02:00;2020;7;10724;10388;11060;100,0;31;31;0;6;99,9;Totalt i retning Bamble;9289;1429;373;527;123;389;16
00344V521377;Bambletunnelen syd;EV18 S26D1 m1260;2020-07-01T00:00+02:00;2020-08-01T00:00+02:00;2020;7;20811;20269;21353;100,0;31;31;0;23;99,9;Totalt;18007;2780;735;1016;251;748;31
00344V521377;Bambletunnelen syd;EV18 S26D1 m1260;2020-08-01T00:00+02:00;2020-09-01T00:00+02:00;2020;8;8060;7203;8917;100,0;31;31;0;8;99,9;1;6862;1191;289;413;97;377;15
00344V521377;Bambletunnelen syd;EV18 S26D1 m1260;2020-08-01T00:00+02:00;2020-09-01T00:00+02:00;2020;8;7829;7166;8492;100,0;31;31;0;4;99,9;2;6612;1214;303;394;86;413;17
00344V521377;Bambletunnelen syd;EV18 S26D1 m1260;2020-08-01T00:00+02:00;2020-09-01T00:00+02:00;2020;8;8060;7204;8916;100,0;31;31;0;7;99,9;Totalt i retning Porsgrunn;6862;1191;289;413;97;377;15
00344V521377;Bambletunnelen syd;EV18 S26D1 m1260;2020-08-01T00:00+02:00;2020-09-01T00:00+02:00;2020;8;7829;7166;8492;100,0;31;31;0;4;99,9;Totalt i retning Bamble;6612;1213;303;394;86;413;17
00344V521377;Bambletunnelen syd;EV18 S26D1 m1260;2020-08-01T00:00+02:00;2020-09-01T00:00+02:00;2020;8;15889;14697;17081;100,0;31;31;0;11;99,9;Totalt;13473;2404;592;807;184;790;32
00344V521377;Bambletunnelen syd;EV18 S26D1 m1260;2020-09-01T00:00+02:00;2020-10-01T00:00+02:00;2020;9;6293;5768;6818;100,0;30;30;0;2;100,0;1;5164;1127;233;361;81;436;16
00344V521377;Bambletunnelen syd;EV18 S26D1 m1260;2020-09-01T00:00+02:00;2020-10-01T00:00+02:00;2020;9;6702;6155;7249;100,0;30;30;0;3;100,0;2;5522;1177;240;369;75;475;18
00344V521377;Bambletunnelen syd;EV18 S26D1 m1260;2020-09-01T00:00+02:00;2020-10-01T00:00+02:00;2020;9;6293;5768;6818;100,0;30;30;0;2;100,0;Totalt i retning Porsgrunn;5164;1127;233;361;81;436;16
00344V521377;Bambletunnelen syd;EV18 S26D1 m1260;2020-09-01T00:00+02:00;2020-10-01T00:00+02:00;2020;9;6702;6156;7248;100,0;30;30;0;3;100,0;Totalt i retning Bamble;5522;1177;240;369;75;475;18
00344V521377;Bambletunnelen syd;EV18 S26D1 m1260;2020-09-01T00:00+02:00;2020-10-01T00:00+02:00;2020;9;12995;12173;13817;100,0;30;30;0;5;100,0;Totalt;10686;2303;473;730;156;911;34
00344V521377;Bambletunnelen syd;EV18 S26D1 m1260;2020-10-01T00:00+02:00;2020-11-01T00:00+01:00;2020;10;5744;5328;6160;100,0;31;31;0;2;100,0;1;4739;1003;194;306;73;414;15
00344V521377;Bambletunnelen syd;EV18 S26D1 m1260;2020-10-01T00:00+02:00;2020-11-01T00:00+01:00;2020;10;6062;5593;6531;100,0;31;31;0;3;100,0;2;5015;1044;200;317;65;446;17
00344V521377;Bambletunnelen syd;EV18 S26D1 m1260;2020-10-01T00:00+02:00;2020-11-01T00:00+01:00;2020;10;5745;5329;6161;100,0;31;31;0;2;100,0;Totalt i retning Porsgrunn;4740;1003;194;307;73;414;15
00344V521377;Bambletunnelen syd;EV18 S26D1 m1260;2020-10-01T00:00+02:00;2020-11-01T00:00+01:00;2020;10;6061;5592;6530;100,0;31;31;0;2;100,0;Totalt i retning Bamble;5015;1044;200;316;65;446;17
00344V521377;Bambletunnelen syd;EV18 S26D1 m1260;2020-10-01T00:00+02:00;2020-11-01T00:00+01:00;2020;10;11806;11096;12516;100,0;31;31;0;4;100,0;Totalt;9754;2047;394;623;138;860;32
00344V521377;Bambletunnelen syd;EV18 S26D1 m1260;2020-11-01T00:00+01:00;2020-12-01T00:00+01:00;2020;11;4773;4505;5041;100,0;30;30;0;1;100,0;1;3818;954;167;256;75;440;17
00344V521377;Bambletunnelen syd;EV18 S26D1 m1260;2020-11-01T00:00+01:00;2020-12-01T00:00+01:00;2020;11;5029;4645;5413;100,0;30;30;0;1;100,0;2;4048;981;170;265;60;466;20
00344V521377;Bambletunnelen syd;EV18 S26D1 m1260;2020-11-01T00:00+01:00;2020-12-01T00:00+01:00;2020;11;4773;4505;5041;100,0;30;30;0;1;100,0;Totalt i retning Porsgrunn;3818;954;167;256;75;440;17
00344V521377;Bambletunnelen syd;EV18 S26D1 m1260;2020-11-01T00:00+01:00;2020-12-01T00:00+01:00;2020;11;5029;4645;5413;100,0;30;30;0;1;100,0;Totalt i retning Bamble;4048;981;170;265;60;466;20
00344V521377;Bambletunnelen syd;EV18 S26D1 m1260;2020-11-01T00:00+01:00;2020-12-01T00:00+01:00;2020;11;9802;9255;10349;100,0;30;30;0;1;100,0;Totalt;7866;1935;336;521;136;906;37
00344V521377;Bambletunnelen syd;EV18 S26D1 m1260;2020-12-01T00:00+01:00;2021-01-01T00:00+01:00;2020;12;4542;4216;4868;100,0;31;31;0;0;100,0;1;3788;754;137;184;57;360;16
00344V521377;Bambletunnelen syd;EV18 S26D1 m1260;2020-12-01T00:00+01:00;2021-01-01T00:00+01:00;2020;12;4908;4514;5302;100,0;31;31;0;0;100,0;2;4140;768;139;193;44;374;18
00344V521377;Bambletunnelen syd;EV18 S26D1 m1260;2020-12-01T00:00+01:00;2021-01-01T00:00+01:00;2020;12;4542;4216;4868;100,0;31;31;0;0;100,0;Totalt i retning Porsgrunn;3788;754;137;184;57;360;16
00344V521377;Bambletunnelen syd;EV18 S26D1 m1260;2020-12-01T00:00+01:00;2021-01-01T00:00+01:00;2020;12;4908;4514;5302;100,0;31;31;0;0;100,0;Totalt i retning Bamble;4140;768;139;193;44;374;18
00344V521377;Bambletunnelen syd;EV18 S26D1 m1260;2020-12-01T00:00+01:00;2021-01-01T00:00+01:00;2020;12;9450;8755;10145;100,0;31;31;0;1;100,0;Totalt;7928;1522;276;377;101;734;33
05467V521165;Stathelle;FV352 S1D1 m475;2020-01-01T00:00+01:00;2020-02-01T00:00+01:00;2020;1;5740;5306;6174;100,0;31;31;0;0;100,0;1;5391;349;134;123;60;32;0
05467V521165;Stathelle;FV352 S1D1 m475;2020-01-01T00:00+01:00;2020-02-01T00:00+01:00;2020;1;5804;5362;6246;100,0;31;31;0;1;100,0;2;5459;343;116;166;38;23;0
05467V521165;Stathelle;FV352 S1D1 m475;2020-01-01T00:00+01:00;2020-02-01T00:00+01:00;2020;1;5802;5360;6244;100,0;31;31;0;0;100,0;Totalt i retning Stathelle;5458;343;116;166;38;23;0
05467V521165;Stathelle;FV352 S1D1 m475;2020-01-01T00:00+01:00;2020-02-01T00:00+01:00;2020;1;5742;5309;6175;100,0;31;31;0;1;100,0;Totalt i retning Langesud;5392;350;134;123;60;32;0
05467V521165;Stathelle;FV352 S1D1 m475;2020-01-01T00:00+01:00;2020-02-01T00:00+01:00;2020;1;11544;10669;12419;100,0;31;31;0;1;100,0;Totalt;10850;693;250;288;98;56;1
05467V521165;Stathelle;FV352 S1D1 m475;2020-02-01T00:00+01:00;2020-03-01T00:00+01:00;2020;2;5737;5316;6158;100,0;29;29;0;0;100,0;1;5381;356;134;126;56;39;0
05467V521165;Stathelle;FV352 S1D1 m475;2020-02-01T00:00+01:00;2020-03-01T00:00+01:00;2020;2;5804;5368;6240;100,0;29;29;0;1;100,0;2;5449;354;117;175;31;30;0
05467V521165;Stathelle;FV352 S1D1 m475;2020-02-01T00:00+01:00;2020-03-01T00:00+01:00;2020;2;5803;5366;6240;100,0;29;29;0;1;100,0;Totalt i retning Stathelle;5448;354;117;175;31;30;0
05467V521165;Stathelle;FV352 S1D1 m475;2020-02-01T00:00+01:00;2020-03-01T00:00+01:00;2020;2;5738;5317;6159;100,0;29;29;0;0;100,0;Totalt i retning Langesud;5382;356;134;126;56;39;0
05467V521165;Stathelle;FV352 S1D1 m475;2020-02-01T00:00+01:00;2020-03-01T00:00+01:00;2020;2;11541;10684;12398;100,0;29;29;0;1;100,0;Totalt;10830;710;252;302;87;69;1
05467V521165;Stathelle;FV352 S1D1 m475;2020-03-01T00:00+01:00;2020-04-01T00:00+02:00;2020;3;4802;4304;5300;100,0;31;31;0;0;100,0;1;4457;345;125;127;62;31;0
05467V521165;Stathelle;FV352 S1D1 m475;2020-03-01T00:00+01:00;2020-04-01T00:00+02:00;2020;3;4841;4335;5347;100,0;31;31;0;1;100,0;2;4505;336;109;173;29;24;0
05467V521165;Stathelle;FV352 S1D1 m475;2020-03-01T00:00+01:00;2020-04-01T00:00+02:00;2020;3;4839;4332;5346;100,0;31;31;0;0;100,0;Totalt i retning Stathelle;4503;336;109;173;29;24;0
05467V521165;Stathelle;FV352 S1D1 m475;2020-03-01T00:00+01:00;2020-04-01T00:00+02:00;2020;3;4803;4305;5301;100,0;31;31;0;0;100,0;Totalt i retning Langesud;4458;345;125;127;62;31;0
05467V521165;Stathelle;FV352 S1D1 m475;2020-03-01T00:00+01:00;2020-04-01T00:00+02:00;2020;3;9643;8639;10647;100,0;31;31;0;1;100,0;Totalt;8962;680;234;300;91;54;1
05467V521165;Stathelle;FV352 S1D1 m475;2020-04-01T00:00+02:00;2020-05-01T00:00+02:00;2020;4;4838;4427;5249;100,0;30;30;0;0;100,0;1;4477;361;121;168;56;15;0
05467V521165;Stathelle;FV352 S1D1 m475;2020-04-01T00:00+02:00;2020-05-01T00:00+02:00;2020;4;4897;4476;5318;100,0;30;30;0;1;100,0;2;4544;352;108;207;22;16;0
05467V521165;Stathelle;FV352 S1D1 m475;2020-04-01T00:00+02:00;2020-05-01T00:00+02:00;2020;4;4896;4475;5317;100,0;30;30;0;1;100,0;Totalt i retning Stathelle;4543;352;108;207;22;16;0
05467V521165;Stathelle;FV352 S1D1 m475;2020-04-01T00:00+02:00;2020-05-01T00:00+02:00;2020;4;4840;4429;5251;100,0;30;30;0;1;100,0;Totalt i retning Langesud;4479;361;121;168;56;15;0
05467V521165;Stathelle;FV352 S1D1 m475;2020-04-01T00:00+02:00;2020-05-01T00:00+02:00;2020;4;9736;8904;10568;100,0;30;30;0;2;100,0;Totalt;9021;713;228;375;78;31;0
05467V521165;Stathelle;FV352 S1D1 m475;2020-05-01T00:00+02:00;2020-06-01T00:00+02:00;2020;5;5647;5142;6152;100,0;31;31;0;1;100,0;1;5238;408;142;197;52;17;0
05467V521165;Stathelle;FV352 S1D1 m475;2020-05-01T00:00+02:00;2020-06-01T00:00+02:00;2020;5;5715;5206;6224;100,0;31;31;0;1;100,0;2;5305;409;126;240;25;17;0
05467V521165;Stathelle;FV352 S1D1 m475;2020-05-01T00:00+02:00;2020-06-01T00:00+02:00;2020;5;5714;5205;6223;100,0;31;31;0;1;100,0;Totalt i retning Stathelle;5304;409;126;240;25;17;0
05467V521165;Stathelle;FV352 S1D1 m475;2020-05-01T00:00+02:00;2020-06-01T00:00+02:00;2020;5;5648;5143;6153;100,0;31;31;0;1;100,0;Totalt i retning Langesud;5239;408;142;197;52;17;0
05467V521165;Stathelle;FV352 S1D1 m475;2020-05-01T00:00+02:00;2020-06-01T00:00+02:00;2020;5;11363;10349;12377;100,0;31;31;0;2;100,0;Totalt;10544;817;269;437;77;34;0
05467V521165;Stathelle;FV352 S1D1 m475;2020-06-01T00:00+02:00;2020-07-01T00:00+02:00;2020;6;6328;5815;6841;100,0;30;30;0;3;100,0;1;5871;455;168;210;52;24;0
05467V521165;Stathelle;FV352 S1D1 m475;2020-06-01T00:00+02:00;2020-07-01T00:00+02:00;2020;6;6418;5921;6915;100,0;30;30;0;2;100,0;2;5956;460;150;257;29;25;0
05467V521165;Stathelle;FV352 S1D1 m475;2020-06-01T00:00+02:00;2020-07-01T00:00+02:00;2020;6;6418;5920;6916;100,0;30;30;0;2;100,0;Totalt i retning Stathelle;5956;460;150;257;29;25;0
05467V521165;Stathelle;FV352 S1D1 m475;2020-06-01T00:00+02:00;2020-07-01T00:00+02:00;2020;6;6328;5815;6841;100,0;30;30;0;3;100,0;Totalt i retning Langesud;5871;455;168;210;52;24;0
05467V521165;Stathelle;FV352 S1D1 m475;2020-06-01T00:00+02:00;2020-07-01T00:00+02:00;2020;6;12746;11736;13756;100,0;30;30;0;5;100,0;Totalt;11827;915;318;467;81;49;0
05467V521165;Stathelle;FV352 S1D1 m475;2020-07-01T00:00+02:00;2020-08-01T00:00+02:00;2020;7;5863;5554;6172;100,0;31;31;0;1;100,0;1;5437;425;154;187;47;36;0
05467V521165;Stathelle;FV352 S1D1 m475;2020-07-01T00:00+02:00;2020-08-01T00:00+02:00;2020;7;5857;5558;6156;100,0;31;31;0;13;99,8;2;5413;430;148;229;23;29;1
05467V521165;Stathelle;FV352 S1D1 m475;2020-07-01T00:00+02:00;2020-08-01T00:00+02:00;2020;7;5856;5556;6156;100,0;31;31;0;13;99,8;Totalt i retning Stathelle;5413;430;148;229;23;29;1
05467V521165;Stathelle;FV352 S1D1 m475;2020-07-01T00:00+02:00;2020-08-01T00:00+02:00;2020;7;5864;5555;6173;100,0;31;31;0;2;100,0;Totalt i retning Langesud;5437;425;154;187;47;36;0
05467V521165;Stathelle;FV352 S1D1 m475;2020-07-01T00:00+02:00;2020-08-01T00:00+02:00;2020;7;11720;11112;12328;100,0;31;31;0;15;99,9;Totalt;10850;855;303;417;70;65;1
05467V521165;Stathelle;FV352 S1D1 m475;2020-08-01T00:00+02:00;2020-09-01T00:00+02:00;2020;8;6098;5681;6515;100,0;31;31;0;1;100,0;1;5630;467;182;194;52;38;0
05467V521165;Stathelle;FV352 S1D1 m475;2020-08-01T00:00+02:00;2020-09-01T00:00+02:00;2020;8;6132;5728;6536;100,0;31;31;0;4;99,9;2;5661;468;172;235;29;32;0
05467V521165;Stathelle;FV352 S1D1 m475;2020-08-01T00:00+02:00;2020-09-01T00:00+02:00;2020;8;6131;5727;6535;100,0;31;31;0;4;99,9;Totalt i retning Stathelle;5660;468;172;235;29;32;0
05467V521165;Stathelle;FV352 S1D1 m475;2020-08-01T00:00+02:00;2020-09-01T00:00+02:00;2020;8;6099;5683;6515;100,0;31;31;0;1;100,0;Totalt i retning Langesud;5631;467;182;194;52;38;0
05467V521165;Stathelle;FV352 S1D1 m475;2020-08-01T00:00+02:00;2020-09-01T00:00+02:00;2020;8;12230;11411;13049;100,0;31;31;0;5;100,0;Totalt;11291;934;354;429;80;70;0
05467V521165;Stathelle;FV352 S1D1 m475;2020-09-01T00:00+02:00;2020-10-01T00:00+02:00;2020;9;6284;5845;6723;100,0;30;30;0;1;100,0;1;5796;487;175;210;57;44;0
05467V521165;Stathelle;FV352 S1D1 m475;2020-09-01T00:00+02:00;2020-10-01T00:00+02:00;2020;9;6330;5881;6779;100,0;30;30;0;2;100,0;2;5862;466;151;250;33;32;0
05467V521165;Stathelle;FV352 S1D1 m475;2020-09-01T00:00+02:00;2020-10-01T00:00+02:00;2020;9;6329;5880;6778;100,0;30;30;0;2;100,0;Totalt i retning Stathelle;5861;466;151;250;33;32;0
05467V521165;Stathelle;FV352 S1D1 m475;2020-09-01T00:00+02:00;2020-10-01T00:00+02:00;2020;9;6284;5845;6723;100,0;30;30;0;1;100,0;Totalt i retning Langesud;5797;487;175;210;57;44;0
05467V521165;Stathelle;FV352 S1D1 m475;2020-09-01T00:00+02:00;2020-10-01T00:00+02:00;2020;9;12613;11726;13500;100,0;30;30;0;2;100,0;Totalt;11658;953;326;460;89;76;1
05467V521165;Stathelle;FV352 S1D1 m475;2020-10-01T00:00+02:00;2020-11-01T00:00+01:00;2020;10;5967;5527;6407;100,0;31;31;0;1;100,0;1;5549;417;147;178;55;37;0
05467V521165;Stathelle;FV352 S1D1 m475;2020-10-01T00:00+02:00;2020-11-01T00:00+01:00;2020;10;6033;5582;6484;100,0;31;31;0;0;100,0;2;5626;407;130;219;30;27;0
05467V521165;Stathelle;FV352 S1D1 m475;2020-10-01T00:00+02:00;2020-11-01T00:00+01:00;2020;10;6032;5581;6483;100,0;31;31;0;0;100,0;Totalt i retning Stathelle;5625;407;130;219;30;27;0
05467V521165;Stathelle;FV352 S1D1 m475;2020-10-01T00:00+02:00;2020-11-01T00:00+01:00;2020;10;5968;5528;6408;100,0;31;31;0;1;100,0;Totalt i retning Langesud;5550;417;147;178;55;37;0
05467V521165;Stathelle;FV352 S1D1 m475;2020-10-01T00:00+02:00;2020-11-01T00:00+01:00;2020;10;12000;11109;12891;100,0;31;31;0;1;100,0;Totalt;11176;823;278;396;85;64;0
05467V521165;Stathelle;FV352 S1D1 m475;2020-11-01T00:00+01:00;2020-12-01T00:00+01:00;2020;11;5572;5102;6042;100,0;30;30;0;1;100,0;1;5211;360;140;154;50;16;0
05467V521165;Stathelle;FV352 S1D1 m475;2020-11-01T00:00+01:00;2020-12-01T00:00+01:00;2020;11;5659;5169;6149;100,0;30;30;0;2;100,0;2;5292;366;122;204;24;15;0
05467V521165;Stathelle;FV352 S1D1 m475;2020-11-01T00:00+01:00;2020-12-01T00:00+01:00;2020;11;5658;5167;6149;100,0;30;30;0;2;100,0;Totalt i retning Stathelle;5290;366;122;204;24;15;0
05467V521165;Stathelle;FV352 S1D1 m475;2020-11-01T00:00+01:00;2020-12-01T00:00+01:00;2020;11;5573;5103;6043;100,0;30;30;0;1;100,0;Totalt i retning Langesud;5212;360;140;154;50;16;0
05467V521165;Stathelle;FV352 S1D1 m475;2020-11-01T00:00+01:00;2020-12-01T00:00+01:00;2020;11;11231;10270;12192;100,0;30;30;0;3;100,0;Totalt;10503;726;261;359;75;31;0
05467V521165;Stathelle;FV352 S1D1 m475;2020-12-01T00:00+01:00;2021-01-01T00:00+01:00;2020;12;5260;4726;5794;100,0;31;31;0;1;100,0;1;4973;286;118;107;49;11;0
05467V521165;Stathelle;FV352 S1D1 m475;2020-12-01T00:00+01:00;2021-01-01T00:00+01:00;2020;12;5326;4782;5870;100,0;31;31;0;1;100,0;2;5037;289;106;146;26;11;0
05467V521165;Stathelle;FV352 S1D1 m475;2020-12-01T00:00+01:00;2021-01-01T00:00+01:00;2020;12;5324;4780;5868;100,0;31;31;0;0;100,0;Totalt i retning Stathelle;5035;289;106;146;26;11;0
05467V521165;Stathelle;FV352 S1D1 m475;2020-12-01T00:00+01:00;2021-01-01T00:00+01:00;2020;12;5261;4728;5794;100,0;31;31;0;0;100,0;Totalt i retning Langesud;4975;286;118;107;49;11;0
05467V521165;Stathelle;FV352 S1D1 m475;2020-12-01T00:00+01:00;2021-01-01T00:00+01:00;2020;12;10585;9507;11663;100,0;31;31;0;0;100,0;Totalt;10010;575;224;253;75;23;0
06938V521177;Kjørbekk;RV36 S2D1 m3559;2020-01-01T00:00+01:00;2020-02-01T00:00+01:00;2020;1;8797;8126;9468;100,0;31;31;0;1;100,0;1;8270;527;155;289;24;59;0
06938V521177;Kjørbekk;RV36 S2D1 m3559;2020-01-01T00:00+01:00;2020-02-01T00:00+01:00;2020;1;9014;8371;9657;100,0;31;31;0;12;99,9;2;8369;633;235;233;96;69;1
06938V521177;Kjørbekk;RV36 S2D1 m3559;2020-01-01T00:00+01:00;2020-02-01T00:00+01:00;2020;1;9015;8372;9658;100,0;31;31;0;12;99,9;Totalt i retning PORSGRUNN;8370;633;235;233;96;69;1
06938V521177;Kjørbekk;RV36 S2D1 m3559;2020-01-01T00:00+01:00;2020-02-01T00:00+01:00;2020;1;8796;8125;9467;100,0;31;31;0;0;100,0;Totalt i retning SKIEN;8269;527;155;289;24;59;0
06938V521177;Kjørbekk;RV36 S2D1 m3559;2020-01-01T00:00+01:00;2020-02-01T00:00+01:00;2020;1;17811;16498;19124;100,0;31;31;0;12;99,9;Totalt;16639;1160;390;521;120;128;1
06938V521177;Kjørbekk;RV36 S2D1 m3559;2020-02-01T00:00+01:00;2020-03-01T00:00+01:00;2020;2;8885;8222;9548;100,0;29;29;0;0;100,0;1;8364;521;153;290;21;57;0
06938V521177;Kjørbekk;RV36 S2D1 m3559;2020-02-01T00:00+01:00;2020-03-01T00:00+01:00;2020;2;9012;8394;9630;100,0;29;29;0;9;99,9;2;8381;622;234;234;88;65;1
06938V521177;Kjørbekk;RV36 S2D1 m3559;2020-02-01T00:00+01:00;2020-03-01T00:00+01:00;2020;2;9012;8394;9630;100,0;29;29;0;9;99,9;Totalt i retning PORSGRUNN;8382;622;234;234;88;65;1
06938V521177;Kjørbekk;RV36 S2D1 m3559;2020-02-01T00:00+01:00;2020-03-01T00:00+01:00;2020;2;8885;8222;9548;100,0;29;29;0;0;100,0;Totalt i retning SKIEN;8363;521;153;290;21;57;0
06938V521177;Kjørbekk;RV36 S2D1 m3559;2020-02-01T00:00+01:00;2020-03-01T00:00+01:00;2020;2;17897;16617;19177;100,0;29;29;0;9;99,9;Totalt;16745;1143;386;524;109;123;1
06938V521177;Kjørbekk;RV36 S2D1 m3559;2020-03-01T00:00+01:00;2020-04-01T00:00+02:00;2020;3;7232;6470;7994;100,0;31;31;0;0;100,0;1;6700;532;144;308;19;61;0
06938V521177;Kjørbekk;RV36 S2D1 m3559;2020-03-01T00:00+01:00;2020-04-01T00:00+02:00;2020;3;7348;6634;8062;100,0;31;31;0;3;100,0;2;6728;617;213;252;84;67;0
06938V521177;Kjørbekk;RV36 S2D1 m3559;2020-03-01T00:00+01:00;2020-04-01T00:00+02:00;2020;3;7349;6635;8063;100,0;31;31;0;4;99,9;Totalt i retning PORSGRUNN;6728;617;213;252;84;67;0
06938V521177;Kjørbekk;RV36 S2D1 m3559;2020-03-01T00:00+01:00;2020-04-01T00:00+02:00;2020;3;7232;6470;7994;100,0;31;31;0;1;100,0;Totalt i retning SKIEN;6699;532;144;308;19;61;0
06938V521177;Kjørbekk;RV36 S2D1 m3559;2020-03-01T00:00+01:00;2020-04-01T00:00+02:00;2020;3;14580;13104;16056;100,0;31;31;0;3;100,0;Totalt;13428;1149;357;560;103;128;1
06938V521177;Kjørbekk;RV36 S2D1 m3559;2020-04-01T00:00+02:00;2020-05-01T00:00+02:00;2020;4;7212;6595;7829;99,9;30;30;0;1;100,0;1;6603;609;159;365;20;65;0
06938V521177;Kjørbekk;RV36 S2D1 m3559;2020-04-01T00:00+02:00;2020-05-01T00:00+02:00;2020;4;7540;6914;8166;99,9;30;30;0;16;99,8;2;6844;680;218;319;71;72;1
06938V521177;Kjørbekk;RV36 S2D1 m3559;2020-04-01T00:00+02:00;2020-05-01T00:00+02:00;2020;4;7540;6914;8166;99,9;30;30;0;15;99,8;Totalt i retning PORSGRUNN;6845;680;218;319;71;72;1
06938V521177;Kjørbekk;RV36 S2D1 m3559;2020-04-01T00:00+02:00;2020-05-01T00:00+02:00;2020;4;7211;6594;7828;99,9;30;30;0;0;100,0;Totalt i retning SKIEN;6602;608;159;365;20;65;0
06938V521177;Kjørbekk;RV36 S2D1 m3559;2020-04-01T00:00+02:00;2020-05-01T00:00+02:00;2020;4;14752;13510;15994;99,9;30;30;0;16;99,9;Totalt;13447;1289;376;684;91;137;1
06938V521177;Kjørbekk;RV36 S2D1 m3559;2020-05-01T00:00+02:00;2020-06-01T00:00+02:00;2020;5;8396;7685;9107;100,0;31;31;0;4;100,0;1;7677;715;195;417;30;72;0
06938V521177;Kjørbekk;RV36 S2D1 m3559;2020-05-01T00:00+02:00;2020-06-01T00:00+02:00;2020;5;8872;8129;9615;100,0;31;31;0;33;99,6;2;8020;820;251;396;85;86;1
06938V521177;Kjørbekk;RV36 S2D1 m3559;2020-05-01T00:00+02:00;2020-06-01T00:00+02:00;2020;5;8874;8131;9617;100,0;31;31;0;32;99,6;Totalt i retning PORSGRUNN;8022;820;251;396;85;86;1
06938V521177;Kjørbekk;RV36 S2D1 m3559;2020-05-01T00:00+02:00;2020-06-01T00:00+02:00;2020;5;8394;7683;9105;100,0;31;31;0;4;100,0;Totalt i retning SKIEN;7675;715;195;418;30;72;0
06938V521177;Kjørbekk;RV36 S2D1 m3559;2020-05-01T00:00+02:00;2020-06-01T00:00+02:00;2020;5;17268;15816;18720;100,0;31;31;0;36;99,8;Totalt;15697;1535;446;814;115;158;2
06938V521177;Kjørbekk;RV36 S2D1 m3559;2020-06-01T00:00+02:00;2020-07-01T00:00+02:00;2020;6;9407;8709;10105;100,0;30;30;0;2;100,0;1;8651;754;222;422;32;78;0
06938V521177;Kjørbekk;RV36 S2D1 m3559;2020-06-01T00:00+02:00;2020-07-01T00:00+02:00;2020;6;9818;9061;10575;100,0;30;30;0;36;99,6;2;8947;835;261;404;73;95;2
06938V521177;Kjørbekk;RV36 S2D1 m3559;2020-06-01T00:00+02:00;2020-07-01T00:00+02:00;2020;6;9819;9062;10576;100,0;30;30;0;36;99,6;Totalt i retning PORSGRUNN;8948;835;261;404;73;95;2
06938V521177;Kjørbekk;RV36 S2D1 m3559;2020-06-01T00:00+02:00;2020-07-01T00:00+02:00;2020;6;9406;8708;10104;100,0;30;30;0;2;100,0;Totalt i retning SKIEN;8650;753;222;422;32;78;0
06938V521177;Kjørbekk;RV36 S2D1 m3559;2020-06-01T00:00+02:00;2020-07-01T00:00+02:00;2020;6;19225;17772;20678;100,0;30;30;0;38;99,8;Totalt;17599;1588;482;826;104;173;2
06938V521177;Kjørbekk;RV36 S2D1 m3559;2020-07-01T00:00+02:00;2020-08-01T00:00+02:00;2020;7;8568;8078;9058;100,0;31;31;0;2;100,0;1;7896;670;205;383;24;58;0
06938V521177;Kjørbekk;RV36 S2D1 m3559;2020-07-01T00:00+02:00;2020-08-01T00:00+02:00;2020;7;8854;8359;9349;100,0;31;31;0;19;99,8;2;8131;704;228;353;54;69;1
06938V521177;Kjørbekk;RV36 S2D1 m3559;2020-07-01T00:00+02:00;2020-08-01T00:00+02:00;2020;7;8855;8360;9350;100,0;31;31;0;19;99,8;Totalt i retning PORSGRUNN;8132;704;228;353;54;69;1
06938V521177;Kjørbekk;RV36 S2D1 m3559;2020-07-01T00:00+02:00;2020-08-01T00:00+02:00;2020;7;8566;8076;9056;100,0;31;31;0;1;100,0;Totalt i retning SKIEN;7895;670;205;383;24;58;0
06938V521177;Kjørbekk;RV36 S2D1 m3559;2020-07-01T00:00+02:00;2020-08-01T00:00+02:00;2020;7;17422;16440;18404;100,0;31;31;0;21;99,9;Totalt;16027;1374;432;736;78;127;1
06938V521177;Kjørbekk;RV36 S2D1 m3559;2020-08-01T00:00+02:00;2020-09-01T00:00+02:00;2020;8;9142;8489;9795;100,0;31;31;0;1;100,0;1;8432;708;206;390;36;77;0
06938V521177;Kjørbekk;RV36 S2D1 m3559;2020-08-01T00:00+02:00;2020-09-01T00:00+02:00;2020;8;9371;8724;10018;100,0;31;31;0;26;99,7;2;8585;761;237;363;67;92;1
06938V521177;Kjørbekk;RV36 S2D1 m3559;2020-08-01T00:00+02:00;2020-09-01T00:00+02:00;2020;8;9373;8726;10020;100,0;31;31;0;26;99,7;Totalt i retning PORSGRUNN;8586;761;237;363;67;92;1
06938V521177;Kjørbekk;RV36 S2D1 m3559;2020-08-01T00:00+02:00;2020-09-01T00:00+02:00;2020;8;9141;8488;9794;100,0;31;31;0;2;100,0;Totalt i retning SKIEN;8431;708;206;390;36;77;0
06938V521177;Kjørbekk;RV36 S2D1 m3559;2020-08-01T00:00+02:00;2020-09-01T00:00+02:00;2020;8;18513;17215;19811;100,0;31;31;0;27;99,9;Totalt;17017;1469;443;752;103;170;1
06938V521177;Kjørbekk;RV36 S2D1 m3559;2020-09-01T00:00+02:00;2020-10-01T00:00+02:00;2020;9;9563;8917;10209;100,0;30;30;0;2;100,0;1;8798;763;204;432;40;87;0
06938V521177;Kjørbekk;RV36 S2D1 m3559;2020-09-01T00:00+02:00;2020-10-01T00:00+02:00;2020;9;9796;9193;10399;100,0;30;30;0;37;99,6;2;8928;832;239;390;91;110;2
06938V521177;Kjørbekk;RV36 S2D1 m3559;2020-09-01T00:00+02:00;2020-10-01T00:00+02:00;2020;9;9797;9194;10400;100,0;30;30;0;36;99,6;Totalt i retning PORSGRUNN;8929;832;239;390;91;110;2
06938V521177;Kjørbekk;RV36 S2D1 m3559;2020-09-01T00:00+02:00;2020-10-01T00:00+02:00;2020;9;9561;8915;10207;100,0;30;30;0;1;100,0;Totalt i retning SKIEN;8797;763;204;432;40;87;0
06938V521177;Kjørbekk;RV36 S2D1 m3559;2020-09-01T00:00+02:00;2020-10-01T00:00+02:00;2020;9;19359;18111;20607;100,0;30;30;0;38;99,8;Totalt;17726;1595;443;822;131;197;2
06938V521177;Kjørbekk;RV36 S2D1 m3559;2020-10-01T00:00+02:00;2020-11-01T00:00+01:00;2020;10;9227;8576;9878;99,9;31;31;0;1;100,0;1;8535;691;186;385;44;76;0
06938V521177;Kjørbekk;RV36 S2D1 m3559;2020-10-01T00:00+02:00;2020-11-01T00:00+01:00;2020;10;9496;8873;10119;99,9;31;31;0;35;99,6;2;8682;779;227;352;94;103;2
06938V521177;Kjørbekk;RV36 S2D1 m3559;2020-10-01T00:00+02:00;2020-11-01T00:00+01:00;2020;10;9497;8873;10121;99,9;31;31;0;34;99,6;Totalt i retning PORSGRUNN;8684;779;227;352;94;104;2
06938V521177;Kjørbekk;RV36 S2D1 m3559;2020-10-01T00:00+02:00;2020-11-01T00:00+01:00;2020;10;9226;8575;9877;99,9;31;31;0;2;100,0;Totalt i retning SKIEN;8533;691;186;385;44;76;0
06938V521177;Kjørbekk;RV36 S2D1 m3559;2020-10-01T00:00+02:00;2020-11-01T00:00+01:00;2020;10;18723;17449;19997;99,9;31;31;0;37;99,8;Totalt;17217;1469;413;736;138;180;2
06938V521177;Kjørbekk;RV36 S2D1 m3559;2020-11-01T00:00+01:00;2020-12-01T00:00+01:00;2020;11;8734;7996;9472;99,9;30;30;0;3;100,0;1;8097;634;172;355;28;78;0
06938V521177;Kjørbekk;RV36 S2D1 m3559;2020-11-01T00:00+01:00;2020-12-01T00:00+01:00;2020;11;9012;8293;9731;99,9;30;30;0;38;99,6;2;8248;727;220;322;84;99;2
06938V521177;Kjørbekk;RV36 S2D1 m3559;2020-11-01T00:00+01:00;2020-12-01T00:00+01:00;2020;11;9015;8295;9735;99,9;30;30;0;37;99,6;Totalt i retning PORSGRUNN;8251;726;220;321;84;99;2
06938V521177;Kjørbekk;RV36 S2D1 m3559;2020-11-01T00:00+01:00;2020-12-01T00:00+01:00;2020;11;8730;7993;9467;99,9;30;30;0;3;100,0;Totalt i retning SKIEN;8094;634;172;355;28;78;0
06938V521177;Kjørbekk;RV36 S2D1 m3559;2020-11-01T00:00+01:00;2020-12-01T00:00+01:00;2020;11;17745;16289;19201;99,9;30;30;0;40;99,8;Totalt;16345;1360;392;677;112;177;2
06938V521177;Kjørbekk;RV36 S2D1 m3559;2020-12-01T00:00+01:00;2021-01-01T00:00+01:00;2020;12;8090;7314;8866;99,9;31;31;0;2;100,0;1;7600;488;144;265;25;54;0
06938V521177;Kjørbekk;RV36 S2D1 m3559;2020-12-01T00:00+01:00;2021-01-01T00:00+01:00;2020;12;8358;7557;9159;99,9;31;31;0;15;99,8;2;7784;558;191;234;63;69;1
06938V521177;Kjørbekk;RV36 S2D1 m3559;2020-12-01T00:00+01:00;2021-01-01T00:00+01:00;2020;12;8359;7558;9160;99,9;31;31;0;16;99,8;Totalt i retning PORSGRUNN;7785;558;191;234;63;69;1
06938V521177;Kjørbekk;RV36 S2D1 m3559;2020-12-01T00:00+01:00;2021-01-01T00:00+01:00;2020;12;8089;7313;8865;99,9;31;31;0;1;100,0;Totalt i retning SKIEN;7599;488;144;265;25;54;0
06938V521177;Kjørbekk;RV36 S2D1 m3559;2020-12-01T00:00+01:00;2021-01-01T00:00+01:00;2020;12;16448;14871;18025;99,9;31;31;0;17;99,9;Totalt;15385;1046;336;498;87;124;1
09195B2123909;Bjørndalen;KV3955 S1D20 m337;2020-01-01T00:00+01:00;2020-02-01T00:00+01:00;2020;1;29;24;34;100,0;31;31;0;29;0,0;1;-;-;-;-;-;-;-
09195B2123909;Bjørndalen;KV3955 S1D20 m337;2020-01-01T00:00+01:00;2020-02-01T00:00+01:00;2020;1;12;10;14;100,0;31;31;0;12;0,0;Totalt i retning Tollnes;-;-;-;-;-;-;-
09195B2123909;Bjørndalen;KV3955 S1D20 m337;2020-01-01T00:00+01:00;2020-02-01T00:00+01:00;2020;1;18;15;21;100,0;31;31;0;18;0,0;Totalt i retning Vestsida;-;-;-;-;-;-;-
09195B2123909;Bjørndalen;KV3955 S1D20 m337;2020-01-01T00:00+01:00;2020-02-01T00:00+01:00;2020;1;29;24;34;100,0;31;31;0;29;0,0;Totalt;-;-;-;-;-;-;-
09195B2123909;Bjørndalen;KV3955 S1D20 m337;2020-02-01T00:00+01:00;2020-03-01T00:00+01:00;2020;2;33;27;39;100,0;29;29;0;33;0,0;1;-;-;-;-;-;-;-
09195B2123909;Bjørndalen;KV3955 S1D20 m337;2020-02-01T00:00+01:00;2020-03-01T00:00+01:00;2020;2;13;10;16;100,0;29;29;0;13;0,0;Totalt i retning Tollnes;-;-;-;-;-;-;-
09195B2123909;Bjørndalen;KV3955 S1D20 m337;2020-02-01T00:00+01:00;2020-03-01T00:00+01:00;2020;2;19;15;23;100,0;29;29;0;19;0,0;Totalt i retning Vestsida;-;-;-;-;-;-;-
09195B2123909;Bjørndalen;KV3955 S1D20 m337;2020-02-01T00:00+01:00;2020-03-01T00:00+01:00;2020;2;33;27;39;100,0;29;29;0;33;0,0;Totalt;-;-;-;-;-;-;-
09195B2123909;Bjørndalen;KV3955 S1D20 m337;2020-03-01T00:00+01:00;2020-04-01T00:00+02:00;2020;3;56;47;65;100,0;31;31;0;56;0,0;1;-;-;-;-;-;-;-
09195B2123909;Bjørndalen;KV3955 S1D20 m337;2020-03-01T00:00+01:00;2020-04-01T00:00+02:00;2020;3;23;19;27;100,0;31;31;0;23;0,0;Totalt i retning Tollnes;-;-;-;-;-;-;-
09195B2123909;Bjørndalen;KV3955 S1D20 m337;2020-03-01T00:00+01:00;2020-04-01T00:00+02:00;2020;3;33;27;39;100,0;31;31;0;33;0,0;Totalt i retning Vestsida;-;-;-;-;-;-;-
09195B2123909;Bjørndalen;KV3955 S1D20 m337;2020-03-01T00:00+01:00;2020-04-01T00:00+02:00;2020;3;56;47;65;100,0;31;31;0;56;0,0;Totalt;-;-;-;-;-;-;-
09195B2123909;Bjørndalen;KV3955 S1D20 m337;2020-04-01T00:00+02:00;2020-05-01T00:00+02:00;2020;4;98;83;113;100,0;30;30;0;98;0,0;1;-;-;-;-;-;-;-
09195B2123909;Bjørndalen;KV3955 S1D20 m337;2020-04-01T00:00+02:00;2020-05-01T00:00+02:00;2020;4;38;32;44;100,0;30;30;0;38;0,0;Totalt i retning Tollnes;-;-;-;-;-;-;-
09195B2123909;Bjørndalen;KV3955 S1D20 m337;2020-04-01T00:00+02:00;2020-05-01T00:00+02:00;2020;4;60;50;70;100,0;30;30;0;60;0,0;Totalt i retning Vestsida;-;-;-;-;-;-;-
09195B2123909;Bjørndalen;KV3955 S1D20 m337;2020-04-01T00:00+02:00;2020-05-01T00:00+02:00;2020;4;98;83;113;100,0;30;30;0;98;0,0;Totalt;-;-;-;-;-;-;-
09195B2123909;Bjørndalen;KV3955 S1D20 m337;2020-05-01T00:00+02:00;2020-06-01T00:00+02:00;2020;5;122;105;139;100,0;31;31;0;122;0,0;1;-;-;-;-;-;-;-
09195B2123909;Bjørndalen;KV3955 S1D20 m337;2020-05-01T00:00+02:00;2020-06-01T00:00+02:00;2020;5;50;42;58;100,0;31;31;0;50;0,0;Totalt i retning Tollnes;-;-;-;-;-;-;-
09195B2123909;Bjørndalen;KV3955 S1D20 m337;2020-05-01T00:00+02:00;2020-06-01T00:00+02:00;2020;5;71;61;81;100,0;31;31;0;71;0,0;Totalt i retning Vestsida;-;-;-;-;-;-;-
09195B2123909;Bjørndalen;KV3955 S1D20 m337;2020-05-01T00:00+02:00;2020-06-01T00:00+02:00;2020;5;122;105;139;100,0;31;31;0;122;0,0;Totalt;-;-;-;-;-;-;-
09195B2123909;Bjørndalen;KV3955 S1D20 m337;2020-06-01T00:00+02:00;2020-07-01T00:00+02:00;2020;6;144;117;171;100,0;30;30;0;144;0,0;1;-;-;-;-;-;-;-
09195B2123909;Bjørndalen;KV3955 S1D20 m337;2020-06-01T00:00+02:00;2020-07-01T00:00+02:00;2020;6;59;48;70;100,0;30;30;0;59;0,0;Totalt i retning Tollnes;-;-;-;-;-;-;-
09195B2123909;Bjørndalen;KV3955 S1D20 m337;2020-06-01T00:00+02:00;2020-07-01T00:00+02:00;2020;6;85;69;101;100,0;30;30;0;85;0,0;Totalt i retning Vestsida;-;-;-;-;-;-;-
09195B2123909;Bjørndalen;KV3955 S1D20 m337;2020-06-01T00:00+02:00;2020-07-01T00:00+02:00;2020;6;144;117;171;100,0;30;30;0;144;0,0;Totalt;-;-;-;-;-;-;-
09195B2123909;Bjørndalen;KV3955 S1D20 m337;2020-07-01T00:00+02:00;2020-08-01T00:00+02:00;2020;7;93;83;103;100,0;31;31;0;93;0,0;1;-;-;-;-;-;-;-
09195B2123909;Bjørndalen;KV3955 S1D20 m337;2020-07-01T00:00+02:00;2020-08-01T00:00+02:00;2020;7;38;33;43;100,0;31;31;0;38;0,0;Totalt i retning Tollnes;-;-;-;-;-;-;-
09195B2123909;Bjørndalen;KV3955 S1D20 m337;2020-07-01T00:00+02:00;2020-08-01T00:00+02:00;2020;7;55;49;61;100,0;31;31;0;55;0,0;Totalt i retning Vestsida;-;-;-;-;-;-;-
09195B2123909;Bjørndalen;KV3955 S1D20 m337;2020-07-01T00:00+02:00;2020-08-01T00:00+02:00;2020;7;93;83;103;100,0;31;31;0;93;0,0;Totalt;-;-;-;-;-;-;-
09195B2123909;Bjørndalen;KV3955 S1D20 m337;2020-08-01T00:00+02:00;2020-09-01T00:00+02:00;2020;8;149;129;169;100,0;31;31;0;149;0,0;1;-;-;-;-;-;-;-
09195B2123909;Bjørndalen;KV3955 S1D20 m337;2020-08-01T00:00+02:00;2020-09-01T00:00+02:00;2020;8;60;52;68;100,0;31;31;0;60;0,0;Totalt i retning Tollnes;-;-;-;-;-;-;-
09195B2123909;Bjørndalen;KV3955 S1D20 m337;2020-08-01T00:00+02:00;2020-09-01T00:00+02:00;2020;8;89;77;101;100,0;31;31;0;89;0,0;Totalt i retning Vestsida;-;-;-;-;-;-;-
09195B2123909;Bjørndalen;KV3955 S1D20 m337;2020-08-01T00:00+02:00;2020-09-01T00:00+02:00;2020;8;149;129;169;100,0;31;31;0;149;0,0;Totalt;-;-;-;-;-;-;-
09195B2123909;Bjørndalen;KV3955 S1D20 m337;2020-09-01T00:00+02:00;2020-10-01T00:00+02:00;2020;9;134;115;153;100,0;30;30;0;134;0,0;1;-;-;-;-;-;-;-
09195B2123909;Bjørndalen;KV3955 S1D20 m337;2020-09-01T00:00+02:00;2020-10-01T00:00+02:00;2020;9;56;48;64;100,0;30;30;0;56;0,0;Totalt i retning Tollnes;-;-;-;-;-;-;-
09195B2123909;Bjørndalen;KV3955 S1D20 m337;2020-09-01T00:00+02:00;2020-10-01T00:00+02:00;2020;9;79;67;91;100,0;30;30;0;79;0,0;Totalt i retning Vestsida;-;-;-;-;-;-;-
09195B2123909;Bjørndalen;KV3955 S1D20 m337;2020-09-01T00:00+02:00;2020-10-01T00:00+02:00;2020;9;134;115;153;100,0;30;30;0;134;0,0;Totalt;-;-;-;-;-;-;-
09195B2123909;Bjørndalen;KV3955 S1D20 m337;2020-10-01T00:00+02:00;2020-11-01T00:00+01:00;2020;10;76;65;87;100,0;31;31;0;76;0,0;1;-;-;-;-;-;-;-
09195B2123909;Bjørndalen;KV3955 S1D20 m337;2020-10-01T00:00+02:00;2020-11-01T00:00+01:00;2020;10;32;27;37;100,0;31;31;0;32;0,0;Totalt i retning Tollnes;-;-;-;-;-;-;-
09195B2123909;Bjørndalen;KV3955 S1D20 m337;2020-10-01T00:00+02:00;2020-11-01T00:00+01:00;2020;10;43;36;50;100,0;31;31;0;43;0,0;Totalt i retning Vestsida;-;-;-;-;-;-;-
09195B2123909;Bjørndalen;KV3955 S1D20 m337;2020-10-01T00:00+02:00;2020-11-01T00:00+01:00;2020;10;76;65;87;100,0;31;31;0;76;0,0;Totalt;-;-;-;-;-;-;-
09195B2123909;Bjørndalen;KV3955 S1D20 m337;2020-11-01T00:00+01:00;2020-12-01T00:00+01:00;2020;11;56;48;64;100,0;30;30;0;56;0,0;1;-;-;-;-;-;-;-
09195B2123909;Bjørndalen;KV3955 S1D20 m337;2020-11-01T00:00+01:00;2020-12-01T00:00+01:00;2020;11;24;20;28;100,0;30;30;0;24;0,0;Totalt i retning Tollnes;-;-;-;-;-;-;-
09195B2123909;Bjørndalen;KV3955 S1D20 m337;2020-11-01T00:00+01:00;2020-12-01T00:00+01:00;2020;11;32;27;37;100,0;30;30;0;32;0,0;Totalt i retning Vestsida;-;-;-;-;-;-;-
09195B2123909;Bjørndalen;KV3955 S1D20 m337;2020-11-01T00:00+01:00;2020-12-01T00:00+01:00;2020;11;56;48;64;100,0;30;30;0;56;0,0;Totalt;-;-;-;-;-;-;-
09195B2123909;Bjørndalen;KV3955 S1D20 m337;2020-12-01T00:00+01:00;2021-01-01T00:00+01:00;2020;12;27;21;33;100,0;31;31;0;27;0,0;1;-;-;-;-;-;-;-
09195B2123909;Bjørndalen;KV3955 S1D20 m337;2020-12-01T00:00+01:00;2021-01-01T00:00+01:00;2020;12;11;9;13;100,0;31;31;0;11;0,0;Totalt i retning Tollnes;-;-;-;-;-;-;-
09195B2123909;Bjørndalen;KV3955 S1D20 m337;2020-12-01T00:00+01:00;2021-01-01T00:00+01:00;2020;12;15;11;19;100,0;31;31;0;15;0,0;Totalt i retning Vestsida;-;-;-;-;-;-;-
09195B2123909;Bjørndalen;KV3955 S1D20 m337;2020-12-01T00:00+01:00;2021-01-01T00:00+01:00;2020;12;27;21;33;100,0;31;31;0;27;0,0;Totalt;-;-;-;-;-;-;-
09211B1846343;Ørviksletta sykkeltellepunkt;RV354 S1D130 m2066;2020-01-01T00:00+01:00;2020-02-01T00:00+01:00;2020;1;37;30;44;100,0;31;31;0;37;0,0;1;-;-;-;-;-;-;-
09211B1846343;Ørviksletta sykkeltellepunkt;RV354 S1D130 m2066;2020-01-01T00:00+01:00;2020-02-01T00:00+01:00;2020;1;19;16;22;100,0;31;31;0;19;0,0;Totalt i retning Brevik;-;-;-;-;-;-;-
09211B1846343;Ørviksletta sykkeltellepunkt;RV354 S1D130 m2066;2020-01-01T00:00+01:00;2020-02-01T00:00+01:00;2020;1;18;15;21;100,0;31;31;0;18;0,0;Totalt i retning Heistad;-;-;-;-;-;-;-
09211B1846343;Ørviksletta sykkeltellepunkt;RV354 S1D130 m2066;2020-01-01T00:00+01:00;2020-02-01T00:00+01:00;2020;1;37;30;44;100,0;31;31;0;37;0,0;Totalt;-;-;-;-;-;-;-
09211B1846343;Ørviksletta sykkeltellepunkt;RV354 S1D130 m2066;2020-02-01T00:00+01:00;2020-03-01T00:00+01:00;2020;2;37;30;44;100,0;29;29;0;37;0,0;1;-;-;-;-;-;-;-
09211B1846343;Ørviksletta sykkeltellepunkt;RV354 S1D130 m2066;2020-02-01T00:00+01:00;2020-03-01T00:00+01:00;2020;2;19;15;23;100,0;29;29;0;19;0,0;Totalt i retning Brevik;-;-;-;-;-;-;-
09211B1846343;Ørviksletta sykkeltellepunkt;RV354 S1D130 m2066;2020-02-01T00:00+01:00;2020-03-01T00:00+01:00;2020;2;18;14;22;100,0;29;29;0;18;0,0;Totalt i retning Heistad;-;-;-;-;-;-;-
09211B1846343;Ørviksletta sykkeltellepunkt;RV354 S1D130 m2066;2020-02-01T00:00+01:00;2020-03-01T00:00+01:00;2020;2;37;30;44;100,0;29;29;0;37;0,0;Totalt;-;-;-;-;-;-;-
09211B1846343;Ørviksletta sykkeltellepunkt;RV354 S1D130 m2066;2020-03-01T00:00+01:00;2020-04-01T00:00+02:00;2020;3;64;52;76;100,0;31;31;0;64;0,0;1;-;-;-;-;-;-;-
09211B1846343;Ørviksletta sykkeltellepunkt;RV354 S1D130 m2066;2020-03-01T00:00+01:00;2020-04-01T00:00+02:00;2020;3;34;27;41;100,0;31;31;0;34;0,0;Totalt i retning Brevik;-;-;-;-;-;-;-
09211B1846343;Ørviksletta sykkeltellepunkt;RV354 S1D130 m2066;2020-03-01T00:00+01:00;2020-04-01T00:00+02:00;2020;3;31;25;37;100,0;31;31;0;31;0,0;Totalt i retning Heistad;-;-;-;-;-;-;-
09211B1846343;Ørviksletta sykkeltellepunkt;RV354 S1D130 m2066;2020-03-01T00:00+01:00;2020-04-01T00:00+02:00;2020;3;64;52;76;100,0;31;31;0;64;0,0;Totalt;-;-;-;-;-;-;-
09211B1846343;Ørviksletta sykkeltellepunkt;RV354 S1D130 m2066;2020-04-01T00:00+02:00;2020-05-01T00:00+02:00;2020;4;133;113;153;100,0;30;30;0;133;0,0;1;-;-;-;-;-;-;-
09211B1846343;Ørviksletta sykkeltellepunkt;RV354 S1D130 m2066;2020-04-01T00:00+02:00;2020-05-01T00:00+02:00;2020;4;69;58;80;100,0;30;30;0;69;0,0;Totalt i retning Brevik;-;-;-;-;-;-;-
09211B1846343;Ørviksletta sykkeltellepunkt;RV354 S1D130 m2066;2020-04-01T00:00+02:00;2020-05-01T00:00+02:00;2020;4;64;55;73;100,0;30;30;0;64;0,0;Totalt i retning Heistad;-;-;-;-;-;-;-
09211B1846343;Ørviksletta sykkeltellepunkt;RV354 S1D130 m2066;2020-04-01T00:00+02:00;2020-05-01T00:00+02:00;2020;4;133;113;153;100,0;30;30;0;133;0,0;Totalt;-;-;-;-;-;-;-
09211B1846343;Ørviksletta sykkeltellepunkt;RV354 S1D130 m2066;2020-05-01T00:00+02:00;2020-06-01T00:00+02:00;2020;5;154;133;175;100,0;31;31;0;154;0,0;1;-;-;-;-;-;-;-
09211B1846343;Ørviksletta sykkeltellepunkt;RV354 S1D130 m2066;2020-05-01T00:00+02:00;2020-06-01T00:00+02:00;2020;5;78;68;88;100,0;31;31;0;78;0,0;Totalt i retning Brevik;-;-;-;-;-;-;-
09211B1846343;Ørviksletta sykkeltellepunkt;RV354 S1D130 m2066;2020-05-01T00:00+02:00;2020-06-01T00:00+02:00;2020;5;76;65;87;100,0;31;31;0;76;0,0;Totalt i retning Heistad;-;-;-;-;-;-;-
09211B1846343;Ørviksletta sykkeltellepunkt;RV354 S1D130 m2066;2020-05-01T00:00+02:00;2020-06-01T00:00+02:00;2020;5;154;133;175;100,0;31;31;0;154;0,0;Totalt;-;-;-;-;-;-;-
09211B1846343;Ørviksletta sykkeltellepunkt;RV354 S1D130 m2066;2020-06-01T00:00+02:00;2020-07-01T00:00+02:00;2020;6;183;151;215;100,0;30;30;0;183;0,0;1;-;-;-;-;-;-;-
09211B1846343;Ørviksletta sykkeltellepunkt;RV354 S1D130 m2066;2020-06-01T00:00+02:00;2020-07-01T00:00+02:00;2020;6;94;77;111;100,0;30;30;0;94;0,0;Totalt i retning Brevik;-;-;-;-;-;-;-
09211B1846343;Ørviksletta sykkeltellepunkt;RV354 S1D130 m2066;2020-06-01T00:00+02:00;2020-07-01T00:00+02:00;2020;6;89;74;104;100,0;30;30;0;89;0,0;Totalt i retning Heistad;-;-;-;-;-;-;-
09211B1846343;Ørviksletta sykkeltellepunkt;RV354 S1D130 m2066;2020-06-01T00:00+02:00;2020-07-01T00:00+02:00;2020;6;183;151;215;100,0;30;30;0;183;0,0;Totalt;-;-;-;-;-;-;-
09211B1846343;Ørviksletta sykkeltellepunkt;RV354 S1D130 m2066;2020-07-01T00:00+02:00;2020-08-01T00:00+02:00;2020;7;130;113;147;100,0;31;31;0;130;0,0;1;-;-;-;-;-;-;-
09211B1846343;Ørviksletta sykkeltellepunkt;RV354 S1D130 m2066;2020-07-01T00:00+02:00;2020-08-01T00:00+02:00;2020;7;65;56;74;100,0;31;31;0;65;0,0;Totalt i retning Brevik;-;-;-;-;-;-;-
09211B1846343;Ørviksletta sykkeltellepunkt;RV354 S1D130 m2066;2020-07-01T00:00+02:00;2020-08-01T00:00+02:00;2020;7;65;56;74;100,0;31;31;0;65;0,0;Totalt i retning Heistad;-;-;-;-;-;-;-
09211B1846343;Ørviksletta sykkeltellepunkt;RV354 S1D130 m2066;2020-07-01T00:00+02:00;2020-08-01T00:00+02:00;2020;7;130;113;147;100,0;31;31;0;130;0,0;Totalt;-;-;-;-;-;-;-
09211B1846343;Ørviksletta sykkeltellepunkt;RV354 S1D130 m2066;2020-08-01T00:00+02:00;2020-09-01T00:00+02:00;2020;8;167;148;186;100,0;31;31;0;167;0,0;1;-;-;-;-;-;-;-
09211B1846343;Ørviksletta sykkeltellepunkt;RV354 S1D130 m2066;2020-08-01T00:00+02:00;2020-09-01T00:00+02:00;2020;8;85;75;95;100,0;31;31;0;85;0,0;Totalt i retning Brevik;-;-;-;-;-;-;-
09211B1846343;Ørviksletta sykkeltellepunkt;RV354 S1D130 m2066;2020-08-01T00:00+02:00;2020-09-01T00:00+02:00;2020;8;82;72;92;100,0;31;31;0;82;0,0;Totalt i retning Heistad;-;-;-;-;-;-;-
09211B1846343;Ørviksletta sykkeltellepunkt;RV354 S1D130 m2066;2020-08-01T00:00+02:00;2020-09-01T00:00+02:00;2020;8;167;148;186;100,0;31;31;0;167;0,0;Totalt;-;-;-;-;-;-;-
09211B1846343;Ørviksletta sykkeltellepunkt;RV354 S1D130 m2066;2020-09-01T00:00+02:00;2020-10-01T00:00+02:00;2020;9;131;113;149;100,0;30;30;0;131;0,0;1;-;-;-;-;-;-;-
09211B1846343;Ørviksletta sykkeltellepunkt;RV354 S1D130 m2066;2020-09-01T00:00+02:00;2020-10-01T00:00+02:00;2020;9;66;57;75;100,0;30;30;0;66;0,0;Totalt i retning Brevik;-;-;-;-;-;-;-
09211B1846343;Ørviksletta sykkeltellepunkt;RV354 S1D130 m2066;2020-09-01T00:00+02:00;2020-10-01T00:00+02:00;2020;9;64;55;73;100,0;30;30;0;64;0,0;Totalt i retning Heistad;-;-;-;-;-;-;-
09211B1846343;Ørviksletta sykkeltellepunkt;RV354 S1D130 m2066;2020-09-01T00:00+02:00;2020-10-01T00:00+02:00;2020;9;131;113;149;100,0;30;30;0;131;0,0;Totalt;-;-;-;-;-;-;-
09211B1846343;Ørviksletta sykkeltellepunkt;RV354 S1D130 m2066;2020-10-01T00:00+02:00;2020-11-01T00:00+01:00;2020;10;73;60;86;100,0;31;31;0;73;0,0;1;-;-;-;-;-;-;-
09211B1846343;Ørviksletta sykkeltellepunkt;RV354 S1D130 m2066;2020-10-01T00:00+02:00;2020-11-01T00:00+01:00;2020;10;37;31;43;100,0;31;31;0;37;0,0;Totalt i retning Brevik;-;-;-;-;-;-;-
09211B1846343;Ørviksletta sykkeltellepunkt;RV354 S1D130 m2066;2020-10-01T00:00+02:00;2020-11-01T00:00+01:00;2020;10;36;29;43;100,0;31;31;0;36;0,0;Totalt i retning Heistad;-;-;-;-;-;-;-
09211B1846343;Ørviksletta sykkeltellepunkt;RV354 S1D130 m2066;2020-10-01T00:00+02:00;2020-11-01T00:00+01:00;2020;10;73;60;86;100,0;31;31;0;73;0,0;Totalt;-;-;-;-;-;-;-
09211B1846343;Ørviksletta sykkeltellepunkt;RV354 S1D130 m2066;2020-11-01T00:00+01:00;2020-12-01T00:00+01:00;2020;11;52;44;60;100,0;30;30;0;52;0,0;1;-;-;-;-;-;-;-
09211B1846343;Ørviksletta sykkeltellepunkt;RV354 S1D130 m2066;2020-11-01T00:00+01:00;2020-12-01T00:00+01:00;2020;11;27;23;31;100,0;30;30;0;27;0,0;Totalt i retning Brevik;-;-;-;-;-;-;-
09211B1846343;Ørviksletta sykkeltellepunkt;RV354 S1D130 m2066;2020-11-01T00:00+01:00;2020-12-01T00:00+01:00;2020;11;25;21;29;100,0;30;30;0;25;0,0;Totalt i retning Heistad;-;-;-;-;-;-;-
09211B1846343;Ørviksletta sykkeltellepunkt;RV354 S1D130 m2066;2020-11-01T00:00+01:00;2020-12-01T00:00+01:00;2020;11;52;44;60;100,0;30;30;0;52;0,0;Totalt;-;-;-;-;-;-;-
09211B1846343;Ørviksletta sykkeltellepunkt;RV354 S1D130 m2066;2020-12-01T00:00+01:00;2021-01-01T00:00+01:00;2020;12;23;18;28;100,0;31;31;0;23;0,0;1;-;-;-;-;-;-;-
09211B1846343;Ørviksletta sykkeltellepunkt;RV354 S1D130 m2066;2020-12-01T00:00+01:00;2021-01-01T00:00+01:00;2020;12;12;9;15;100,0;31;31;0;12;0,0;Totalt i retning Brevik;-;-;-;-;-;-;-
09211B1846343;Ørviksletta sykkeltellepunkt;RV354 S1D130 m2066;2020-12-01T00:00+01:00;2021-01-01T00:00+01:00;2020;12;12;10;14;100,0;31;31;0;12;0,0;Totalt i retning Heistad;-;-;-;-;-;-;-
09211B1846343;Ørviksletta sykkeltellepunkt;RV354 S1D130 m2066;2020-12-01T00:00+01:00;2021-01-01T00:00+01:00;2020;12;23;18;28;100,0;31;31;0;23;0,0;Totalt;-;-;-;-;-;-;-
09375B1846469;Klevstrand sykkeltellepunkt;RV36 S1D1 m3167;2020-01-01T00:00+01:00;2020-02-01T00:00+01:00;2020;1;27;22;32;100,0;31;31;0;27;0,0;1;-;-;-;-;-;-;-
09375B1846469;Klevstrand sykkeltellepunkt;RV36 S1D1 m3167;2020-01-01T00:00+01:00;2020-02-01T00:00+01:00;2020;1;14;11;17;100,0;31;31;0;14;0,0;Totalt i retning Skjelsvik;-;-;-;-;-;-;-
09375B1846469;Klevstrand sykkeltellepunkt;RV36 S1D1 m3167;2020-01-01T00:00+01:00;2020-02-01T00:00+01:00;2020;1;13;11;15;100,0;31;31;0;13;0,0;Totalt i retning Øyekastet;-;-;-;-;-;-;-
09375B1846469;Klevstrand sykkeltellepunkt;RV36 S1D1 m3167;2020-01-01T00:00+01:00;2020-02-01T00:00+01:00;2020;1;27;22;32;100,0;31;31;0;27;0,0;Totalt;-;-;-;-;-;-;-
09375B1846469;Klevstrand sykkeltellepunkt;RV36 S1D1 m3167;2020-02-01T00:00+01:00;2020-03-01T00:00+01:00;2020;2;27;21;33;100,0;29;29;0;27;0,0;1;-;-;-;-;-;-;-
09375B1846469;Klevstrand sykkeltellepunkt;RV36 S1D1 m3167;2020-02-01T00:00+01:00;2020-03-01T00:00+01:00;2020;2;13;10;16;100,0;29;29;0;13;0,0;Totalt i retning Skjelsvik;-;-;-;-;-;-;-
09375B1846469;Klevstrand sykkeltellepunkt;RV36 S1D1 m3167;2020-02-01T00:00+01:00;2020-03-01T00:00+01:00;2020;2;14;11;17;100,0;29;29;0;14;0,0;Totalt i retning Øyekastet;-;-;-;-;-;-;-
09375B1846469;Klevstrand sykkeltellepunkt;RV36 S1D1 m3167;2020-02-01T00:00+01:00;2020-03-01T00:00+01:00;2020;2;27;21;33;100,0;29;29;0;27;0,0;Totalt;-;-;-;-;-;-;-
09375B1846469;Klevstrand sykkeltellepunkt;RV36 S1D1 m3167;2020-03-01T00:00+01:00;2020-04-01T00:00+02:00;2020;3;48;37;59;100,0;31;31;0;48;0,0;1;-;-;-;-;-;-;-
09375B1846469;Klevstrand sykkeltellepunkt;RV36 S1D1 m3167;2020-03-01T00:00+01:00;2020-04-01T00:00+02:00;2020;3;23;18;28;100,0;31;31;0;23;0,0;Totalt i retning Skjelsvik;-;-;-;-;-;-;-
09375B1846469;Klevstrand sykkeltellepunkt;RV36 S1D1 m3167;2020-03-01T00:00+01:00;2020-04-01T00:00+02:00;2020;3;25;19;31;100,0;31;31;0;25;0,0;Totalt i retning Øyekastet;-;-;-;-;-;-;-
09375B1846469;Klevstrand sykkeltellepunkt;RV36 S1D1 m3167;2020-03-01T00:00+01:00;2020-04-01T00:00+02:00;2020;3;48;37;59;100,0;31;31;0;48;0,0;Totalt;-;-;-;-;-;-;-
09375B1846469;Klevstrand sykkeltellepunkt;RV36 S1D1 m3167;2020-04-01T00:00+02:00;2020-05-01T00:00+02:00;2020;4;90;78;102;100,0;30;30;0;90;0,0;1;-;-;-;-;-;-;-
09375B1846469;Klevstrand sykkeltellepunkt;RV36 S1D1 m3167;2020-04-01T00:00+02:00;2020-05-01T00:00+02:00;2020;4;43;37;49;100,0;30;30;0;43;0,0;Totalt i retning Skjelsvik;-;-;-;-;-;-;-
09375B1846469;Klevstrand sykkeltellepunkt;RV36 S1D1 m3167;2020-04-01T00:00+02:00;2020-05-01T00:00+02:00;2020;4;47;41;53;100,0;30;30;0;47;0,0;Totalt i retning Øyekastet;-;-;-;-;-;-;-
09375B1846469;Klevstrand sykkeltellepunkt;RV36 S1D1 m3167;2020-04-01T00:00+02:00;2020-05-01T00:00+02:00;2020;4;90;78;102;100,0;30;30;0;90;0,0;Totalt;-;-;-;-;-;-;-
09375B1846469;Klevstrand sykkeltellepunkt;RV36 S1D1 m3167;2020-05-01T00:00+02:00;2020-06-01T00:00+02:00;2020;5;96;82;110;100,0;31;31;0;96;0,0;1;-;-;-;-;-;-;-
09375B1846469;Klevstrand sykkeltellepunkt;RV36 S1D1 m3167;2020-05-01T00:00+02:00;2020-06-01T00:00+02:00;2020;5;47;40;54;100,0;31;31;0;47;0,0;Totalt i retning Skjelsvik;-;-;-;-;-;-;-
09375B1846469;Klevstrand sykkeltellepunkt;RV36 S1D1 m3167;2020-05-01T00:00+02:00;2020-06-01T00:00+02:00;2020;5;50;43;57;100,0;31;31;0;50;0,0;Totalt i retning Øyekastet;-;-;-;-;-;-;-
09375B1846469;Klevstrand sykkeltellepunkt;RV36 S1D1 m3167;2020-05-01T00:00+02:00;2020-06-01T00:00+02:00;2020;5;96;82;110;100,0;31;31;0;96;0,0;Totalt;-;-;-;-;-;-;-
09375B1846469;Klevstrand sykkeltellepunkt;RV36 S1D1 m3167;2020-06-01T00:00+02:00;2020-07-01T00:00+02:00;2020;6;121;101;141;100,0;30;30;0;121;0,0;1;-;-;-;-;-;-;-
09375B1846469;Klevstrand sykkeltellepunkt;RV36 S1D1 m3167;2020-06-01T00:00+02:00;2020-07-01T00:00+02:00;2020;6;59;49;69;100,0;30;30;0;59;0,0;Totalt i retning Skjelsvik;-;-;-;-;-;-;-
09375B1846469;Klevstrand sykkeltellepunkt;RV36 S1D1 m3167;2020-06-01T00:00+02:00;2020-07-01T00:00+02:00;2020;6;63;53;73;100,0;30;30;0;63;0,0;Totalt i retning Øyekastet;-;-;-;-;-;-;-
09375B1846469;Klevstrand sykkeltellepunkt;RV36 S1D1 m3167;2020-06-01T00:00+02:00;2020-07-01T00:00+02:00;2020;6;121;101;141;100,0;30;30;0;121;0,0;Totalt;-;-;-;-;-;-;-
09375B1846469;Klevstrand sykkeltellepunkt;RV36 S1D1 m3167;2020-07-01T00:00+02:00;2020-08-01T00:00+02:00;2020;7;76;66;86;100,0;31;31;0;76;0,0;1;-;-;-;-;-;-;-
09375B1846469;Klevstrand sykkeltellepunkt;RV36 S1D1 m3167;2020-07-01T00:00+02:00;2020-08-01T00:00+02:00;2020;7;38;33;43;100,0;31;31;0;38;0,0;Totalt i retning Skjelsvik;-;-;-;-;-;-;-
09375B1846469;Klevstrand sykkeltellepunkt;RV36 S1D1 m3167;2020-07-01T00:00+02:00;2020-08-01T00:00+02:00;2020;7;37;32;42;100,0;31;31;0;37;0,0;Totalt i retning Øyekastet;-;-;-;-;-;-;-
09375B1846469;Klevstrand sykkeltellepunkt;RV36 S1D1 m3167;2020-07-01T00:00+02:00;2020-08-01T00:00+02:00;2020;7;76;66;86;100,0;31;31;0;76;0,0;Totalt;-;-;-;-;-;-;-
09375B1846469;Klevstrand sykkeltellepunkt;RV36 S1D1 m3167;2020-08-01T00:00+02:00;2020-09-01T00:00+02:00;2020;8;115;99;131;100,0;31;31;0;115;0,0;1;-;-;-;-;-;-;-
09375B1846469;Klevstrand sykkeltellepunkt;RV36 S1D1 m3167;2020-08-01T00:00+02:00;2020-09-01T00:00+02:00;2020;8;57;49;65;100,0;31;31;0;57;0,0;Totalt i retning Skjelsvik;-;-;-;-;-;-;-
09375B1846469;Klevstrand sykkeltellepunkt;RV36 S1D1 m3167;2020-08-01T00:00+02:00;2020-09-01T00:00+02:00;2020;8;58;50;66;100,0;31;31;0;58;0,0;Totalt i retning Øyekastet;-;-;-;-;-;-;-
09375B1846469;Klevstrand sykkeltellepunkt;RV36 S1D1 m3167;2020-08-01T00:00+02:00;2020-09-01T00:00+02:00;2020;8;115;99;131;100,0;31;31;0;115;0,0;Totalt;-;-;-;-;-;-;-
09375B1846469;Klevstrand sykkeltellepunkt;RV36 S1D1 m3167;2020-09-01T00:00+02:00;2020-10-01T00:00+02:00;2020;9;95;81;109;100,0;30;30;0;95;0,0;1;-;-;-;-;-;-;-
09375B1846469;Klevstrand sykkeltellepunkt;RV36 S1D1 m3167;2020-09-01T00:00+02:00;2020-10-01T00:00+02:00;2020;9;48;41;55;100,0;30;30;0;48;0,0;Totalt i retning Skjelsvik;-;-;-;-;-;-;-
09375B1846469;Klevstrand sykkeltellepunkt;RV36 S1D1 m3167;2020-09-01T00:00+02:00;2020-10-01T00:00+02:00;2020;9;47;40;54;100,0;30;30;0;47;0,0;Totalt i retning Øyekastet;-;-;-;-;-;-;-
09375B1846469;Klevstrand sykkeltellepunkt;RV36 S1D1 m3167;2020-09-01T00:00+02:00;2020-10-01T00:00+02:00;2020;9;95;81;109;100,0;30;30;0;95;0,0;Totalt;-;-;-;-;-;-;-
09375B1846469;Klevstrand sykkeltellepunkt;RV36 S1D1 m3167;2020-10-01T00:00+02:00;2020-11-01T00:00+01:00;2020;10;56;47;65;100,0;31;31;0;56;0,0;1;-;-;-;-;-;-;-
09375B1846469;Klevstrand sykkeltellepunkt;RV36 S1D1 m3167;2020-10-01T00:00+02:00;2020-11-01T00:00+01:00;2020;10;29;24;34;100,0;31;31;0;29;0,0;Totalt i retning Skjelsvik;-;-;-;-;-;-;-
09375B1846469;Klevstrand sykkeltellepunkt;RV36 S1D1 m3167;2020-10-01T00:00+02:00;2020-11-01T00:00+01:00;2020;10;28;23;33;100,0;31;31;0;28;0,0;Totalt i retning Øyekastet;-;-;-;-;-;-;-
09375B1846469;Klevstrand sykkeltellepunkt;RV36 S1D1 m3167;2020-10-01T00:00+02:00;2020-11-01T00:00+01:00;2020;10;56;47;65;100,0;31;31;0;56;0,0;Totalt;-;-;-;-;-;-;-
09375B1846469;Klevstrand sykkeltellepunkt;RV36 S1D1 m3167;2020-11-01T00:00+01:00;2020-12-01T00:00+01:00;2020;11;42;35;49;93,3;30;28;2;42;0,0;1;-;-;-;-;-;-;-
09375B1846469;Klevstrand sykkeltellepunkt;RV36 S1D1 m3167;2020-11-01T00:00+01:00;2020-12-01T00:00+01:00;2020;11;21;17;25;93,3;30;28;2;21;0,0;Totalt i retning Skjelsvik;-;-;-;-;-;-;-
09375B1846469;Klevstrand sykkeltellepunkt;RV36 S1D1 m3167;2020-11-01T00:00+01:00;2020-12-01T00:00+01:00;2020;11;21;17;25;93,3;30;28;2;21;0,0;Totalt i retning Øyekastet;-;-;-;-;-;-;-
09375B1846469;Klevstrand sykkeltellepunkt;RV36 S1D1 m3167;2020-11-01T00:00+01:00;2020-12-01T00:00+01:00;2020;11;42;35;49;93,3;30;28;2;42;0,0;Totalt;-;-;-;-;-;-;-
09375B1846469;Klevstrand sykkeltellepunkt;RV36 S1D1 m3167;2020-12-01T00:00+01:00;2021-01-01T00:00+01:00;2020;12;20;16;24;100,0;31;31;0;20;0,0;1;-;-;-;-;-;-;-
09375B1846469;Klevstrand sykkeltellepunkt;RV36 S1D1 m3167;2020-12-01T00:00+01:00;2021-01-01T00:00+01:00;2020;12;10;8;12;100,0;31;31;0;10;0,0;Totalt i retning Skjelsvik;-;-;-;-;-;-;-
09375B1846469;Klevstrand sykkeltellepunkt;RV36 S1D1 m3167;2020-12-01T00:00+01:00;2021-01-01T00:00+01:00;2020;12;10;8;12;100,0;31;31;0;10;0,0;Totalt i retning Øyekastet;-;-;-;-;-;-;-
09375B1846469;Klevstrand sykkeltellepunkt;RV36 S1D1 m3167;2020-12-01T00:00+01:00;2021-01-01T00:00+01:00;2020;12;20;16;24;100,0;31;31;0;20;0,0;Totalt;-;-;-;-;-;-;-
13087V521202;Porsgrunntunnelen;FV356 S1D1 m358;2020-02-01T00:00+01:00;2020-03-01T00:00+01:00;2020;2;5184;4475;5893;51,7;29;15;1;0;100,0;1;4936;248;106;108;12;22;0
13087V521202;Porsgrunntunnelen;FV356 S1D1 m358;2020-02-01T00:00+01:00;2020-03-01T00:00+01:00;2020;2;4232;3693;4771;51,7;29;15;1;2;100,0;2;3988;242;85;116;10;31;0
13087V521202;Porsgrunntunnelen;FV356 S1D1 m358;2020-02-01T00:00+01:00;2020-03-01T00:00+01:00;2020;2;4232;3693;4771;51,7;29;15;1;2;100,0;Totalt i retning VALLERMYRENE;3988;242;85;116;10;31;0
13087V521202;Porsgrunntunnelen;FV356 S1D1 m358;2020-02-01T00:00+01:00;2020-03-01T00:00+01:00;2020;2;5184;4476;5892;51,7;29;15;1;0;100,0;Totalt i retning PORSGRUNN;4936;248;106;108;12;22;0
13087V521202;Porsgrunntunnelen;FV356 S1D1 m358;2020-02-01T00:00+01:00;2020-03-01T00:00+01:00;2020;2;9416;8172;10660;51,7;29;15;1;2;100,0;Totalt;8924;490;192;223;22;53;0
13087V521202;Porsgrunntunnelen;FV356 S1D1 m358;2020-03-01T00:00+01:00;2020-04-01T00:00+02:00;2020;3;4276;3777;4775;99,9;31;31;0;1;100,0;1;4029;246;102;111;13;21;0
13087V521202;Porsgrunntunnelen;FV356 S1D1 m358;2020-03-01T00:00+01:00;2020-04-01T00:00+02:00;2020;3;3532;3139;3925;99,9;31;31;0;1;100,0;2;3275;256;87;127;10;33;0
13087V521202;Porsgrunntunnelen;FV356 S1D1 m358;2020-03-01T00:00+01:00;2020-04-01T00:00+02:00;2020;3;3533;3139;3927;99,9;31;31;0;2;99,9;Totalt i retning VALLERMYRENE;3276;256;87;127;10;33;0
13087V521202;Porsgrunntunnelen;FV356 S1D1 m358;2020-03-01T00:00+01:00;2020-04-01T00:00+02:00;2020;3;4276;3777;4775;99,9;31;31;0;1;100,0;Totalt i retning PORSGRUNN;4029;246;102;111;13;21;0
13087V521202;Porsgrunntunnelen;FV356 S1D1 m358;2020-03-01T00:00+01:00;2020-04-01T00:00+02:00;2020;3;7809;6917;8701;99,9;31;31;0;2;100,0;Totalt;7304;502;189;237;23;53;0
13087V521202;Porsgrunntunnelen;FV356 S1D1 m358;2020-04-01T00:00+02:00;2020-05-01T00:00+02:00;2020;4;4310;3889;4731;100,0;30;30;0;1;100,0;1;4021;288;105;141;15;26;0
13087V521202;Porsgrunntunnelen;FV356 S1D1 m358;2020-04-01T00:00+02:00;2020-05-01T00:00+02:00;2020;4;3600;3254;3946;100,0;30;30;0;1;100,0;2;3305;294;96;152;10;36;0
13087V521202;Porsgrunntunnelen;FV356 S1D1 m358;2020-04-01T00:00+02:00;2020-05-01T00:00+02:00;2020;4;3600;3254;3946;100,0;30;30;0;1;100,0;Totalt i retning VALLERMYRENE;3306;294;96;152;10;36;0
13087V521202;Porsgrunntunnelen;FV356 S1D1 m358;2020-04-01T00:00+02:00;2020-05-01T00:00+02:00;2020;4;4310;3889;4731;100,0;30;30;0;1;100,0;Totalt i retning PORSGRUNN;4021;288;105;141;15;26;0
13087V521202;Porsgrunntunnelen;FV356 S1D1 m358;2020-04-01T00:00+02:00;2020-05-01T00:00+02:00;2020;4;7910;7145;8675;100,0;30;30;0;2;100,0;Totalt;7327;582;202;294;25;61;0
13087V521202;Porsgrunntunnelen;FV356 S1D1 m358;2020-05-01T00:00+02:00;2020-06-01T00:00+02:00;2020;5;5045;4581;5509;100,0;31;31;0;1;100,0;1;4724;320;123;156;16;25;0
13087V521202;Porsgrunntunnelen;FV356 S1D1 m358;2020-05-01T00:00+02:00;2020-06-01T00:00+02:00;2020;5;4131;3774;4488;100,0;31;31;0;2;100,0;2;3821;308;104;159;11;34;0
13087V521202;Porsgrunntunnelen;FV356 S1D1 m358;2020-05-01T00:00+02:00;2020-06-01T00:00+02:00;2020;5;4130;3773;4487;100,0;31;31;0;1;100,0;Totalt i retning VALLERMYRENE;3821;308;104;159;11;34;0
13087V521202;Porsgrunntunnelen;FV356 S1D1 m358;2020-05-01T00:00+02:00;2020-06-01T00:00+02:00;2020;5;5045;4581;5509;100,0;31;31;0;1;100,0;Totalt i retning PORSGRUNN;4724;320;123;156;16;25;0
13087V521202;Porsgrunntunnelen;FV356 S1D1 m358;2020-05-01T00:00+02:00;2020-06-01T00:00+02:00;2020;5;9175;8360;9990;100,0;31;31;0;2;100,0;Totalt;8545;628;226;315;28;59;0
13087V521202;Porsgrunntunnelen;FV356 S1D1 m358;2020-06-01T00:00+02:00;2020-07-01T00:00+02:00;2020;6;6048;5535;6561;100,0;30;30;0;2;100,0;1;5672;374;144;176;22;31;0
13087V521202;Porsgrunntunnelen;FV356 S1D1 m358;2020-06-01T00:00+02:00;2020-07-01T00:00+02:00;2020;6;4952;4571;5333;100,0;30;30;0;19;99,6;2;4558;375;127;187;18;44;0
13087V521202;Porsgrunntunnelen;FV356 S1D1 m358;2020-06-01T00:00+02:00;2020-07-01T00:00+02:00;2020;6;4954;4572;5336;100,0;30;30;0;19;99,6;Totalt i retning VALLERMYRENE;4560;375;127;186;18;44;0
13087V521202;Porsgrunntunnelen;FV356 S1D1 m358;2020-06-01T00:00+02:00;2020-07-01T00:00+02:00;2020;6;6045;5533;6557;100,0;30;30;0;1;100,0;Totalt i retning PORSGRUNN;5670;374;144;176;22;31;0
13087V521202;Porsgrunntunnelen;FV356 S1D1 m358;2020-06-01T00:00+02:00;2020-07-01T00:00+02:00;2020;6;11000;10109;11891;100,0;30;30;0;21;99,8;Totalt;10230;749;271;363;40;74;0
13087V521202;Porsgrunntunnelen;FV356 S1D1 m358;2020-07-01T00:00+02:00;2020-08-01T00:00+02:00;2020;7;5588;5213;5963;100,0;31;31;0;0;100,0;1;5243;344;134;165;16;30;0
13087V521202;Porsgrunntunnelen;FV356 S1D1 m358;2020-07-01T00:00+02:00;2020-08-01T00:00+02:00;2020;7;4484;4212;4756;100,0;31;31;0;1;100,0;2;4168;315;111;160;11;33;0
13087V521202;Porsgrunntunnelen;FV356 S1D1 m358;2020-07-01T00:00+02:00;2020-08-01T00:00+02:00;2020;7;4484;4212;4756;100,0;31;31;0;1;100,0;Totalt i retning VALLERMYRENE;4168;315;111;160;11;33;0
13087V521202;Porsgrunntunnelen;FV356 S1D1 m358;2020-07-01T00:00+02:00;2020-08-01T00:00+02:00;2020;7;5589;5214;5964;100,0;31;31;0;1;100,0;Totalt i retning PORSGRUNN;5243;344;134;165;16;30;0
13087V521202;Porsgrunntunnelen;FV356 S1D1 m358;2020-07-01T00:00+02:00;2020-08-01T00:00+02:00;2020;7;10073;9428;10718;100,0;31;31;0;2;100,0;Totalt;9411;659;245;325;27;63;0
13087V521202;Porsgrunntunnelen;FV356 S1D1 m358;2020-08-01T00:00+02:00;2020-09-01T00:00+02:00;2020;8;6393;5866;6920;100,0;31;31;0;1;100,0;1;5861;531;139;251;111;29;0
13087V521202;Porsgrunntunnelen;FV356 S1D1 m358;2020-08-01T00:00+02:00;2020-09-01T00:00+02:00;2020;8;5046;4658;5434;100,0;31;31;0;15;99,7;2;4531;500;112;326;27;33;0
13087V521202;Porsgrunntunnelen;FV356 S1D1 m358;2020-08-01T00:00+02:00;2020-09-01T00:00+02:00;2020;8;5048;4660;5436;100,0;31;31;0;15;99,7;Totalt i retning VALLERMYRENE;4533;500;113;326;28;34;0
13087V521202;Porsgrunntunnelen;FV356 S1D1 m358;2020-08-01T00:00+02:00;2020-09-01T00:00+02:00;2020;8;6391;5865;6917;100,0;31;31;0;2;100,0;Totalt i retning PORSGRUNN;5860;530;139;251;111;29;0
13087V521202;Porsgrunntunnelen;FV356 S1D1 m358;2020-08-01T00:00+02:00;2020-09-01T00:00+02:00;2020;8;11439;10527;12351;100,0;31;31;0;16;99,9;Totalt;10393;1030;252;577;138;63;0
13087V521202;Porsgrunntunnelen;FV356 S1D1 m358;2020-09-01T00:00+02:00;2020-10-01T00:00+02:00;2020;9;6697;6178;7216;96,2;30;29;1;1;100,0;1;6110;586;142;274;141;30;0
13087V521202;Porsgrunntunnelen;FV356 S1D1 m358;2020-09-01T00:00+02:00;2020-10-01T00:00+02:00;2020;9;5417;5018;5816;96,2;30;29;1;6;99,9;2;4852;559;119;365;41;34;0
13087V521202;Porsgrunntunnelen;FV356 S1D1 m358;2020-09-01T00:00+02:00;2020-10-01T00:00+02:00;2020;9;5418;5018;5818;96,2;30;29;1;6;99,9;Totalt i retning VALLERMYRENE;4853;559;119;365;41;34;0
13087V521202;Porsgrunntunnelen;FV356 S1D1 m358;2020-09-01T00:00+02:00;2020-10-01T00:00+02:00;2020;9;6696;6177;7215;96,2;30;29;1;1;100,0;Totalt i retning PORSGRUNN;6109;586;142;274;141;30;0
13087V521202;Porsgrunntunnelen;FV356 S1D1 m358;2020-09-01T00:00+02:00;2020-10-01T00:00+02:00;2020;9;12114;11200;13028;96,2;30;29;1;7;99,9;Totalt;10962;1145;261;638;182;64;0
13087V521202;Porsgrunntunnelen;FV356 S1D1 m358;2020-10-01T00:00+02:00;2020-11-01T00:00+01:00;2020;10;6507;6006;7008;93,4;31;29;2;1;100,0;1;6151;355;127;171;30;27;0
13087V521202;Porsgrunntunnelen;FV356 S1D1 m358;2020-10-01T00:00+02:00;2020-11-01T00:00+01:00;2020;10;5067;4685;5449;93,4;31;29;2;5;99,9;2;4714;348;106;189;16;37;0
13087V521202;Porsgrunntunnelen;FV356 S1D1 m358;2020-10-01T00:00+02:00;2020-11-01T00:00+01:00;2020;10;5067;4685;5449;93,4;31;29;2;5;99,9;Totalt i retning VALLERMYRENE;4715;348;106;189;16;36;0
13087V521202;Porsgrunntunnelen;FV356 S1D1 m358;2020-10-01T00:00+02:00;2020-11-01T00:00+01:00;2020;10;6507;6007;7007;93,4;31;29;2;1;100,0;Totalt i retning PORSGRUNN;6151;355;127;171;30;27;0
13087V521202;Porsgrunntunnelen;FV356 S1D1 m358;2020-10-01T00:00+02:00;2020-11-01T00:00+01:00;2020;10;11574;10697;12451;93,4;31;29;2;6;99,9;Totalt;10865;703;233;360;46;64;0
13087V521202;Porsgrunntunnelen;FV356 S1D1 m358;2020-11-01T00:00+01:00;2020-12-01T00:00+01:00;2020;11;5437;4999;5875;98,9;30;30;0;1;100,0;1;5129;307;113;148;16;29;0
13087V521202;Porsgrunntunnelen;FV356 S1D1 m358;2020-11-01T00:00+01:00;2020-12-01T00:00+01:00;2020;11;4421;4073;4769;98,9;30;30;0;3;99,9;2;4124;293;96;150;12;35;0
13087V521202;Porsgrunntunnelen;FV356 S1D1 m358;2020-11-01T00:00+01:00;2020-12-01T00:00+01:00;2020;11;4423;4075;4771;98,9;30;30;0;4;99,9;Totalt i retning VALLERMYRENE;4126;293;96;150;12;35;0
13087V521202;Porsgrunntunnelen;FV356 S1D1 m358;2020-11-01T00:00+01:00;2020-12-01T00:00+01:00;2020;11;5436;4998;5874;98,9;30;30;0;1;100,0;Totalt i retning PORSGRUNN;5128;307;113;148;16;29;0
13087V521202;Porsgrunntunnelen;FV356 S1D1 m358;2020-11-01T00:00+01:00;2020-12-01T00:00+01:00;2020;11;9858;9075;10641;98,9;30;30;0;4;100,0;Totalt;9254;600;209;298;28;64;0
13087V521202;Porsgrunntunnelen;FV356 S1D1 m358;2020-12-01T00:00+01:00;2021-01-01T00:00+01:00;2020;12;4935;4394;5476;96,4;31;30;1;0;100,0;1;4704;231;87;105;15;24;0
13087V521202;Porsgrunntunnelen;FV356 S1D1 m358;2020-12-01T00:00+01:00;2021-01-01T00:00+01:00;2020;12;4018;3571;4465;96,4;31;30;1;1;100,0;2;3791;225;73;110;13;30;0
13087V521202;Porsgrunntunnelen;FV356 S1D1 m358;2020-12-01T00:00+01:00;2021-01-01T00:00+01:00;2020;12;4018;3571;4465;96,4;31;30;1;1;100,0;Totalt i retning VALLERMYRENE;3791;225;73;110;13;30;0
13087V521202;Porsgrunntunnelen;FV356 S1D1 m358;2020-12-01T00:00+01:00;2021-01-01T00:00+01:00;2020;12;4935;4394;5476;96,4;31;30;1;0;100,0;Totalt i retning PORSGRUNN;4704;231;87;105;15;24;0
13087V521202;Porsgrunntunnelen;FV356 S1D1 m358;2020-12-01T00:00+01:00;2021-01-01T00:00+01:00;2020;12;8953;7967;9939;96,4;31;30;1;2;100,0;Totalt;8495;456;160;215;28;54;0
14213V521376;E18 Nystrand;EV18 S27D1 m2752;2020-01-01T00:00+01:00;2020-02-01T00:00+01:00;2020;1;6841;6474;7208;100,0;31;31;0;1;100,0;1;5709;1131;223;266;63;551;28
14213V521376;E18 Nystrand;EV18 S27D1 m2752;2020-01-01T00:00+01:00;2020-02-01T00:00+01:00;2020;1;6848;6414;7282;100,0;31;31;0;0;100,0;2;5777;1071;171;249;114;515;22
14213V521376;E18 Nystrand;EV18 S27D1 m2752;2020-01-01T00:00+01:00;2020-02-01T00:00+01:00;2020;1;6841;6474;7208;100,0;31;31;0;1;100,0;Totalt i retning Moheim;5709;1131;223;266;63;551;28
14213V521376;E18 Nystrand;EV18 S27D1 m2752;2020-01-01T00:00+01:00;2020-02-01T00:00+01:00;2020;1;6848;6414;7282;100,0;31;31;0;0;100,0;Totalt i retning Skjelsvik;5777;1071;171;249;114;515;22
14213V521376;E18 Nystrand;EV18 S27D1 m2752;2020-01-01T00:00+01:00;2020-02-01T00:00+01:00;2020;1;13689;12896;14482;100,0;31;31;0;1;100,0;Totalt;11486;2203;394;516;177;1066;50
14213V521376;E18 Nystrand;EV18 S27D1 m2752;2020-02-01T00:00+01:00;2020-03-01T00:00+01:00;2020;2;7426;6994;7858;100,0;29;29;0;0;100,0;1;6237;1189;246;279;63;575;26
14213V521376;E18 Nystrand;EV18 S27D1 m2752;2020-02-01T00:00+01:00;2020-03-01T00:00+01:00;2020;2;7579;7062;8096;100,0;29;29;0;1;100,0;2;6464;1115;183;262;122;527;21
14213V521376;E18 Nystrand;EV18 S27D1 m2752;2020-02-01T00:00+01:00;2020-03-01T00:00+01:00;2020;2;7426;6994;7858;100,0;29;29;0;0;100,0;Totalt i retning Moheim;6237;1189;246;279;63;575;26
14213V521376;E18 Nystrand;EV18 S27D1 m2752;2020-02-01T00:00+01:00;2020-03-01T00:00+01:00;2020;2;7579;7062;8096;100,0;29;29;0;1;100,0;Totalt i retning Skjelsvik;6464;1115;183;262;122;527;21
14213V521376;E18 Nystrand;EV18 S27D1 m2752;2020-02-01T00:00+01:00;2020-03-01T00:00+01:00;2020;2;15005;14068;15942;100,0;29;29;0;1;100,0;Totalt;12700;2304;429;541;185;1102;47
14213V521376;E18 Nystrand;EV18 S27D1 m2752;2020-03-01T00:00+01:00;2020-04-01T00:00+02:00;2020;3;5882;5331;6433;100,0;31;31;0;0;100,0;1;4686;1195;222;288;58;602;24
14213V521376;E18 Nystrand;EV18 S27D1 m2752;2020-03-01T00:00+01:00;2020-04-01T00:00+02:00;2020;3;6122;5496;6748;100,0;31;31;0;0;100,0;2;4975;1147;176;279;120;553;19
14213V521376;E18 Nystrand;EV18 S27D1 m2752;2020-03-01T00:00+01:00;2020-04-01T00:00+02:00;2020;3;5882;5331;6433;100,0;31;31;0;0;100,0;Totalt i retning Moheim;4686;1195;222;288;58;602;24
14213V521376;E18 Nystrand;EV18 S27D1 m2752;2020-03-01T00:00+01:00;2020-04-01T00:00+02:00;2020;3;6122;5496;6748;100,0;31;31;0;0;100,0;Totalt i retning Skjelsvik;4975;1147;176;279;120;553;19
14213V521376;E18 Nystrand;EV18 S27D1 m2752;2020-03-01T00:00+01:00;2020-04-01T00:00+02:00;2020;3;12004;10833;13175;100,0;31;31;0;1;100,0;Totalt;9661;2342;398;567;178;1155;44
14213V521376;E18 Nystrand;EV18 S27D1 m2752;2020-04-01T00:00+02:00;2020-05-01T00:00+02:00;2020;4;6143;5645;6641;100,0;30;30;0;1;100,0;1;4900;1242;229;377;51;563;20
14213V521376;E18 Nystrand;EV18 S27D1 m2752;2020-04-01T00:00+02:00;2020-05-01T00:00+02:00;2020;4;6476;5801;7151;100,0;30;30;0;1;100,0;2;5270;1205;195;376;112;504;17
14213V521376;E18 Nystrand;EV18 S27D1 m2752;2020-04-01T00:00+02:00;2020-05-01T00:00+02:00;2020;4;6143;5645;6641;100,0;30;30;0;1;100,0;Totalt i retning Moheim;4900;1242;229;377;51;563;20
14213V521376;E18 Nystrand;EV18 S27D1 m2752;2020-04-01T00:00+02:00;2020-05-01T00:00+02:00;2020;4;6476;5801;7151;100,0;30;30;0;1;100,0;Totalt i retning Skjelsvik;5270;1205;195;376;112;504;17
14213V521376;E18 Nystrand;EV18 S27D1 m2752;2020-04-01T00:00+02:00;2020-05-01T00:00+02:00;2020;4;12619;11519;13719;100,0;30;30;0;2;100,0;Totalt;10170;2446;424;753;164;1068;37
14213V521376;E18 Nystrand;EV18 S27D1 m2752;2020-05-01T00:00+02:00;2020-06-01T00:00+02:00;2020;5;8280;7670;8890;100,0;31;31;0;2;100,0;1;6828;1449;314;487;59;567;23
14213V521376;E18 Nystrand;EV18 S27D1 m2752;2020-05-01T00:00+02:00;2020-06-01T00:00+02:00;2020;5;8657;7668;9646;100,0;31;31;0;4;100,0;2;7263;1390;271;480;112;508;19
14213V521376;E18 Nystrand;EV18 S27D1 m2752;2020-05-01T00:00+02:00;2020-06-01T00:00+02:00;2020;5;8280;7670;8890;100,0;31;31;0;2;100,0;Totalt i retning Moheim;6828;1449;314;487;59;567;23
14213V521376;E18 Nystrand;EV18 S27D1 m2752;2020-05-01T00:00+02:00;2020-06-01T00:00+02:00;2020;5;8657;7668;9646;100,0;31;31;0;4;100,0;Totalt i retning Skjelsvik;7263;1390;271;480;112;508;19
14213V521376;E18 Nystrand;EV18 S27D1 m2752;2020-05-01T00:00+02:00;2020-06-01T00:00+02:00;2020;5;16936;15670;18202;100,0;31;31;0;6;100,0;Totalt;14091;2839;584;967;171;1075;42
14213V521376;E18 Nystrand;EV18 S27D1 m2752;2020-06-01T00:00+02:00;2020-07-01T00:00+02:00;2020;6;10122;9466;10778;100,0;30;30;0;6;99,9;1;8455;1661;374;543;87;631;27
14213V521376;E18 Nystrand;EV18 S27D1 m2752;2020-06-01T00:00+02:00;2020-07-01T00:00+02:00;2020;6;10327;9461;11193;100,0;30;30;0;3;100,0;2;8731;1593;315;536;148;572;22
14213V521376;E18 Nystrand;EV18 S27D1 m2752;2020-06-01T00:00+02:00;2020-07-01T00:00+02:00;2020;6;10123;9467;10779;100,0;30;30;0;7;99,9;Totalt i retning Moheim;8455;1661;374;543;87;631;27
14213V521376;E18 Nystrand;EV18 S27D1 m2752;2020-06-01T00:00+02:00;2020-07-01T00:00+02:00;2020;6;10327;9461;11193;100,0;30;30;0;3;100,0;Totalt i retning Skjelsvik;8731;1593;315;536;148;572;22
14213V521376;E18 Nystrand;EV18 S27D1 m2752;2020-06-01T00:00+02:00;2020-07-01T00:00+02:00;2020;6;20450;19285;21615;100,0;30;30;0;10;100,0;Totalt;17187;3254;689;1079;235;1202;49
14213V521376;E18 Nystrand;EV18 S27D1 m2752;2020-07-01T00:00+02:00;2020-08-01T00:00+02:00;2020;7;11782;11466;12098;100,0;31;31;0;11;99,9;1;10076;1696;436;591;131;514;24
14213V521376;E18 Nystrand;EV18 S27D1 m2752;2020-07-01T00:00+02:00;2020-08-01T00:00+02:00;2020;7;12167;11802;12532;100,0;31;31;0;14;99,9;2;10540;1613;387;582;156;469;19
14213V521376;E18 Nystrand;EV18 S27D1 m2752;2020-07-01T00:00+02:00;2020-08-01T00:00+02:00;2020;7;11782;11466;12098;100,0;31;31;0;11;99,9;Totalt i retning Moheim;10076;1696;436;591;131;514;24
14213V521376;E18 Nystrand;EV18 S27D1 m2752;2020-07-01T00:00+02:00;2020-08-01T00:00+02:00;2020;7;12167;11802;12532;100,0;31;31;0;14;99,9;Totalt i retning Skjelsvik;10540;1613;387;582;156;469;19
14213V521376;E18 Nystrand;EV18 S27D1 m2752;2020-07-01T00:00+02:00;2020-08-01T00:00+02:00;2020;7;23949;23403;24495;100,0;31;31;0;25;99,9;Totalt;20615;3309;823;1173;287;983;43
14213V521376;E18 Nystrand;EV18 S27D1 m2752;2020-08-01T00:00+02:00;2020-09-01T00:00+02:00;2020;8;10245;9567;10923;100,0;31;31;0;7;99,9;1;8653;1585;386;525;97;551;26
14213V521376;E18 Nystrand;EV18 S27D1 m2752;2020-08-01T00:00+02:00;2020-09-01T00:00+02:00;2020;8;9845;9133;10557;100,0;31;31;0;2;100,0;2;8365;1478;336;464;143;514;21
14213V521376;E18 Nystrand;EV18 S27D1 m2752;2020-08-01T00:00+02:00;2020-09-01T00:00+02:00;2020;8;10245;9567;10923;100,0;31;31;0;7;99,9;Totalt i retning Moheim;8653;1585;386;525;97;551;26
14213V521376;E18 Nystrand;EV18 S27D1 m2752;2020-08-01T00:00+02:00;2020-09-01T00:00+02:00;2020;8;9845;9133;10557;100,0;31;31;0;2;100,0;Totalt i retning Skjelsvik;8365;1478;336;464;143;514;21
14213V521376;E18 Nystrand;EV18 S27D1 m2752;2020-08-01T00:00+02:00;2020-09-01T00:00+02:00;2020;8;20090;18990;21190;100,0;31;31;0;8;100,0;Totalt;17018;3064;722;990;240;1065;47
14213V521376;E18 Nystrand;EV18 S27D1 m2752;2020-09-01T00:00+02:00;2020-10-01T00:00+02:00;2020;9;8814;8294;9334;100,0;30;30;0;1;100,0;1;7291;1522;328;475;78;615;25
14213V521376;E18 Nystrand;EV18 S27D1 m2752;2020-09-01T00:00+02:00;2020-10-01T00:00+02:00;2020;9;9003;8359;9647;100,0;30;30;0;1;100,0;2;7541;1461;283;441;139;578;20
14213V521376;E18 Nystrand;EV18 S27D1 m2752;2020-09-01T00:00+02:00;2020-10-01T00:00+02:00;2020;9;8814;8294;9334;100,0;30;30;0;1;100,0;Totalt i retning Moheim;7291;1522;328;475;78;615;25
14213V521376;E18 Nystrand;EV18 S27D1 m2752;2020-09-01T00:00+02:00;2020-10-01T00:00+02:00;2020;9;9003;8359;9647;100,0;30;30;0;1;100,0;Totalt i retning Skjelsvik;7541;1461;283;441;139;578;20
14213V521376;E18 Nystrand;EV18 S27D1 m2752;2020-09-01T00:00+02:00;2020-10-01T00:00+02:00;2020;9;17817;16864;18770;100,0;30;30;0;3;100,0;Totalt;14832;2983;611;916;217;1193;45
14213V521376;E18 Nystrand;EV18 S27D1 m2752;2020-10-01T00:00+02:00;2020-11-01T00:00+01:00;2020;10;8216;7757;8675;100,0;31;31;0;0;100,0;1;6817;1398;293;421;65;593;26
14213V521376;E18 Nystrand;EV18 S27D1 m2752;2020-10-01T00:00+02:00;2020-11-01T00:00+01:00;2020;10;8323;7710;8936;100,0;31;31;0;2;100,0;2;6982;1339;245;393;119;560;22
14213V521376;E18 Nystrand;EV18 S27D1 m2752;2020-10-01T00:00+02:00;2020-11-01T00:00+01:00;2020;10;8216;7757;8675;100,0;31;31;0;0;100,0;Totalt i retning Moheim;6817;1398;293;421;65;593;26
14213V521376;E18 Nystrand;EV18 S27D1 m2752;2020-10-01T00:00+02:00;2020-11-01T00:00+01:00;2020;10;8323;7710;8936;100,0;31;31;0;2;100,0;Totalt i retning Skjelsvik;6982;1339;245;393;119;560;22
14213V521376;E18 Nystrand;EV18 S27D1 m2752;2020-10-01T00:00+02:00;2020-11-01T00:00+01:00;2020;10;16539;15586;17492;100,0;31;31;0;2;100,0;Totalt;13800;2737;537;814;184;1153;48
14213V521376;E18 Nystrand;EV18 S27D1 m2752;2020-11-01T00:00+01:00;2020-12-01T00:00+01:00;2020;11;6943;6571;7315;100,0;30;30;0;1;100,0;1;5641;1301;265;357;58;593;27
14213V521376;E18 Nystrand;EV18 S27D1 m2752;2020-11-01T00:00+01:00;2020-12-01T00:00+01:00;2020;11;6949;6402;7496;100,0;30;30;0;0;100,0;2;5721;1228;209;337;103;557;22
14213V521376;E18 Nystrand;EV18 S27D1 m2752;2020-11-01T00:00+01:00;2020-12-01T00:00+01:00;2020;11;6943;6571;7315;100,0;30;30;0;1;100,0;Totalt i retning Moheim;5641;1301;265;357;58;593;27
14213V521376;E18 Nystrand;EV18 S27D1 m2752;2020-11-01T00:00+01:00;2020-12-01T00:00+01:00;2020;11;6949;6402;7496;100,0;30;30;0;0;100,0;Totalt i retning Skjelsvik;5721;1228;209;337;103;557;22
14213V521376;E18 Nystrand;EV18 S27D1 m2752;2020-11-01T00:00+01:00;2020-12-01T00:00+01:00;2020;11;13892;13030;14754;100,0;30;30;0;1;100,0;Totalt;11362;2529;474;694;162;1150;50
14213V521376;E18 Nystrand;EV18 S27D1 m2752;2020-12-01T00:00+01:00;2021-01-01T00:00+01:00;2020;12;6502;5996;7008;100,0;31;31;0;0;100,0;1;5450;1052;220;262;49;496;25
14213V521376;E18 Nystrand;EV18 S27D1 m2752;2020-12-01T00:00+01:00;2021-01-01T00:00+01:00;2020;12;6653;6081;7225;100,0;31;31;0;0;100,0;2;5664;989;174;250;88;458;19
14213V521376;E18 Nystrand;EV18 S27D1 m2752;2020-12-01T00:00+01:00;2021-01-01T00:00+01:00;2020;12;6502;5996;7008;100,0;31;31;0;0;100,0;Totalt i retning Moheim;5450;1052;220;262;49;496;25
14213V521376;E18 Nystrand;EV18 S27D1 m2752;2020-12-01T00:00+01:00;2021-01-01T00:00+01:00;2020;12;6653;6081;7225;100,0;31;31;0;0;100,0;Totalt i retning Skjelsvik;5664;989;174;250;88;458;19
14213V521376;E18 Nystrand;EV18 S27D1 m2752;2020-12-01T00:00+01:00;2021-01-01T00:00+01:00;2020;12;13155;12095;14215;100,0;31;31;0;0;100,0;Totalt;11114;2041;394;511;137;954;44
15287B2124175;Vestsiden skole ;PV97671 S1D10 m167;2020-01-01T00:00+01:00;2020-02-01T00:00+01:00;2020;1;32;26;38;100,0;31;31;0;32;0,0;1;-;-;-;-;-;-;-
15287B2124175;Vestsiden skole ;PV97671 S1D10 m167;2020-01-01T00:00+01:00;2020-02-01T00:00+01:00;2020;1;17;14;20;100,0;31;31;0;17;0,0;Totalt i retning Vestsiden Skole;-;-;-;-;-;-;-
15287B2124175;Vestsiden skole ;PV97671 S1D10 m167;2020-01-01T00:00+01:00;2020-02-01T00:00+01:00;2020;1;15;12;18;100,0;31;31;0;15;0,0;Totalt i retning Linaaesgate;-;-;-;-;-;-;-
15287B2124175;Vestsiden skole ;PV97671 S1D10 m167;2020-01-01T00:00+01:00;2020-02-01T00:00+01:00;2020;1;32;26;38;100,0;31;31;0;32;0,0;Totalt;-;-;-;-;-;-;-
15287B2124175;Vestsiden skole ;PV97671 S1D10 m167;2020-02-01T00:00+01:00;2020-03-01T00:00+01:00;2020;2;35;27;43;100,0;29;29;0;35;0,0;1;-;-;-;-;-;-;-
15287B2124175;Vestsiden skole ;PV97671 S1D10 m167;2020-02-01T00:00+01:00;2020-03-01T00:00+01:00;2020;2;18;14;22;100,0;29;29;0;18;0,0;Totalt i retning Vestsiden Skole;-;-;-;-;-;-;-
15287B2124175;Vestsiden skole ;PV97671 S1D10 m167;2020-02-01T00:00+01:00;2020-03-01T00:00+01:00;2020;2;17;13;21;100,0;29;29;0;17;0,0;Totalt i retning Linaaesgate;-;-;-;-;-;-;-
15287B2124175;Vestsiden skole ;PV97671 S1D10 m167;2020-02-01T00:00+01:00;2020-03-01T00:00+01:00;2020;2;35;27;43;100,0;29;29;0;35;0,0;Totalt;-;-;-;-;-;-;-
15287B2124175;Vestsiden skole ;PV97671 S1D10 m167;2020-03-01T00:00+01:00;2020-04-01T00:00+02:00;2020;3;54;46;62;100,0;31;31;0;54;0,0;1;-;-;-;-;-;-;-
15287B2124175;Vestsiden skole ;PV97671 S1D10 m167;2020-03-01T00:00+01:00;2020-04-01T00:00+02:00;2020;3;28;24;32;100,0;31;31;0;28;0,0;Totalt i retning Vestsiden Skole;-;-;-;-;-;-;-
15287B2124175;Vestsiden skole ;PV97671 S1D10 m167;2020-03-01T00:00+01:00;2020-04-01T00:00+02:00;2020;3;25;21;29;100,0;31;31;0;25;0,0;Totalt i retning Linaaesgate;-;-;-;-;-;-;-
15287B2124175;Vestsiden skole ;PV97671 S1D10 m167;2020-03-01T00:00+01:00;2020-04-01T00:00+02:00;2020;3;54;46;62;100,0;31;31;0;54;0,0;Totalt;-;-;-;-;-;-;-
15287B2124175;Vestsiden skole ;PV97671 S1D10 m167;2020-04-01T00:00+02:00;2020-05-01T00:00+02:00;2020;4;88;76;100;100,0;30;30;0;88;0,0;1;-;-;-;-;-;-;-
15287B2124175;Vestsiden skole ;PV97671 S1D10 m167;2020-04-01T00:00+02:00;2020-05-01T00:00+02:00;2020;4;47;40;54;100,0;30;30;0;47;0,0;Totalt i retning Vestsiden Skole;-;-;-;-;-;-;-
15287B2124175;Vestsiden skole ;PV97671 S1D10 m167;2020-04-01T00:00+02:00;2020-05-01T00:00+02:00;2020;4;41;36;46;100,0;30;30;0;41;0,0;Totalt i retning Linaaesgate;-;-;-;-;-;-;-
15287B2124175;Vestsiden skole ;PV97671 S1D10 m167;2020-04-01T00:00+02:00;2020-05-01T00:00+02:00;2020;4;88;76;100;100,0;30;30;0;88;0,0;Totalt;-;-;-;-;-;-;-
15287B2124175;Vestsiden skole ;PV97671 S1D10 m167;2020-05-01T00:00+02:00;2020-06-01T00:00+02:00;2020;5;122;100;144;100,0;31;31;0;122;0,0;1;-;-;-;-;-;-;-
15287B2124175;Vestsiden skole ;PV97671 S1D10 m167;2020-05-01T00:00+02:00;2020-06-01T00:00+02:00;2020;5;63;52;74;100,0;31;31;0;63;0,0;Totalt i retning Vestsiden Skole;-;-;-;-;-;-;-
15287B2124175;Vestsiden skole ;PV97671 S1D10 m167;2020-05-01T00:00+02:00;2020-06-01T00:00+02:00;2020;5;58;47;69;100,0;31;31;0;58;0,0;Totalt i retning Linaaesgate;-;-;-;-;-;-;-
15287B2124175;Vestsiden skole ;PV97671 S1D10 m167;2020-05-01T00:00+02:00;2020-06-01T00:00+02:00;2020;5;122;100;144;100,0;31;31;0;122;0,0;Totalt;-;-;-;-;-;-;-
15287B2124175;Vestsiden skole ;PV97671 S1D10 m167;2020-06-01T00:00+02:00;2020-07-01T00:00+02:00;2020;6;142;115;169;100,0;30;30;0;142;0,0;1;-;-;-;-;-;-;-
15287B2124175;Vestsiden skole ;PV97671 S1D10 m167;2020-06-01T00:00+02:00;2020-07-01T00:00+02:00;2020;6;74;60;88;100,0;30;30;0;74;0,0;Totalt i retning Vestsiden Skole;-;-;-;-;-;-;-
15287B2124175;Vestsiden skole ;PV97671 S1D10 m167;2020-06-01T00:00+02:00;2020-07-01T00:00+02:00;2020;6;68;55;81;100,0;30;30;0;68;0,0;Totalt i retning Linaaesgate;-;-;-;-;-;-;-
15287B2124175;Vestsiden skole ;PV97671 S1D10 m167;2020-06-01T00:00+02:00;2020-07-01T00:00+02:00;2020;6;142;115;169;100,0;30;30;0;142;0,0;Totalt;-;-;-;-;-;-;-
15287B2124175;Vestsiden skole ;PV97671 S1D10 m167;2020-07-01T00:00+02:00;2020-08-01T00:00+02:00;2020;7;72;63;81;100,0;31;31;0;72;0,0;1;-;-;-;-;-;-;-
15287B2124175;Vestsiden skole ;PV97671 S1D10 m167;2020-07-01T00:00+02:00;2020-08-01T00:00+02:00;2020;7;38;33;43;100,0;31;31;0;38;0,0;Totalt i retning Vestsiden Skole;-;-;-;-;-;-;-
15287B2124175;Vestsiden skole ;PV97671 S1D10 m167;2020-07-01T00:00+02:00;2020-08-01T00:00+02:00;2020;7;34;29;39;100,0;31;31;0;34;0,0;Totalt i retning Linaaesgate;-;-;-;-;-;-;-
15287B2124175;Vestsiden skole ;PV97671 S1D10 m167;2020-07-01T00:00+02:00;2020-08-01T00:00+02:00;2020;7;72;63;81;100,0;31;31;0;72;0,0;Totalt;-;-;-;-;-;-;-
15287B2124175;Vestsiden skole ;PV97671 S1D10 m167;2020-08-01T00:00+02:00;2020-09-01T00:00+02:00;2020;8;127;106;148;100,0;31;31;0;127;0,0;1;-;-;-;-;-;-;-
15287B2124175;Vestsiden skole ;PV97671 S1D10 m167;2020-08-01T00:00+02:00;2020-09-01T00:00+02:00;2020;8;67;56;78;100,0;31;31;0;67;0,0;Totalt i retning Vestsiden Skole;-;-;-;-;-;-;-
15287B2124175;Vestsiden skole ;PV97671 S1D10 m167;2020-08-01T00:00+02:00;2020-09-01T00:00+02:00;2020;8;60;50;70;100,0;31;31;0;60;0,0;Totalt i retning Linaaesgate;-;-;-;-;-;-;-
15287B2124175;Vestsiden skole ;PV97671 S1D10 m167;2020-08-01T00:00+02:00;2020-09-01T00:00+02:00;2020;8;127;106;148;100,0;31;31;0;127;0,0;Totalt;-;-;-;-;-;-;-
15287B2124175;Vestsiden skole ;PV97671 S1D10 m167;2020-09-01T00:00+02:00;2020-10-01T00:00+02:00;2020;9;140;123;157;100,0;30;30;0;140;0,0;1;-;-;-;-;-;-;-
15287B2124175;Vestsiden skole ;PV97671 S1D10 m167;2020-09-01T00:00+02:00;2020-10-01T00:00+02:00;2020;9;73;64;82;100,0;30;30;0;73;0,0;Totalt i retning Vestsiden Skole;-;-;-;-;-;-;-
15287B2124175;Vestsiden skole ;PV97671 S1D10 m167;2020-09-01T00:00+02:00;2020-10-01T00:00+02:00;2020;9;68;59;77;100,0;30;30;0;68;0,0;Totalt i retning Linaaesgate;-;-;-;-;-;-;-
15287B2124175;Vestsiden skole ;PV97671 S1D10 m167;2020-09-01T00:00+02:00;2020-10-01T00:00+02:00;2020;9;140;123;157;100,0;30;30;0;140;0,0;Totalt;-;-;-;-;-;-;-
15287B2124175;Vestsiden skole ;PV97671 S1D10 m167;2020-10-01T00:00+02:00;2020-11-01T00:00+01:00;2020;10;88;72;104;100,0;31;31;0;88;0,0;1;-;-;-;-;-;-;-
15287B2124175;Vestsiden skole ;PV97671 S1D10 m167;2020-10-01T00:00+02:00;2020-11-01T00:00+01:00;2020;10;44;37;51;100,0;31;31;0;44;0,0;Totalt i retning Vestsiden Skole;-;-;-;-;-;-;-
15287B2124175;Vestsiden skole ;PV97671 S1D10 m167;2020-10-01T00:00+02:00;2020-11-01T00:00+01:00;2020;10;44;36;52;100,0;31;31;0;44;0,0;Totalt i retning Linaaesgate;-;-;-;-;-;-;-
15287B2124175;Vestsiden skole ;PV97671 S1D10 m167;2020-10-01T00:00+02:00;2020-11-01T00:00+01:00;2020;10;88;72;104;100,0;31;31;0;88;0,0;Totalt;-;-;-;-;-;-;-
15287B2124175;Vestsiden skole ;PV97671 S1D10 m167;2020-11-01T00:00+01:00;2020-12-01T00:00+01:00;2020;11;64;53;75;100,0;30;30;0;64;0,0;1;-;-;-;-;-;-;-
15287B2124175;Vestsiden skole ;PV97671 S1D10 m167;2020-11-01T00:00+01:00;2020-12-01T00:00+01:00;2020;11;32;26;38;100,0;30;30;0;32;0,0;Totalt i retning Vestsiden Skole;-;-;-;-;-;-;-
15287B2124175;Vestsiden skole ;PV97671 S1D10 m167;2020-11-01T00:00+01:00;2020-12-01T00:00+01:00;2020;11;32;26;38;100,0;30;30;0;32;0,0;Totalt i retning Linaaesgate;-;-;-;-;-;-;-
15287B2124175;Vestsiden skole ;PV97671 S1D10 m167;2020-11-01T00:00+01:00;2020-12-01T00:00+01:00;2020;11;64;53;75;100,0;30;30;0;64;0,0;Totalt;-;-;-;-;-;-;-
15287B2124175;Vestsiden skole ;PV97671 S1D10 m167;2020-12-01T00:00+01:00;2021-01-01T00:00+01:00;2020;12;27;21;33;100,0;31;31;0;27;0,0;1;-;-;-;-;-;-;-
15287B2124175;Vestsiden skole ;PV97671 S1D10 m167;2020-12-01T00:00+01:00;2021-01-01T00:00+01:00;2020;12;13;10;16;100,0;31;31;0;13;0,0;Totalt i retning Vestsiden Skole;-;-;-;-;-;-;-
15287B2124175;Vestsiden skole ;PV97671 S1D10 m167;2020-12-01T00:00+01:00;2021-01-01T00:00+01:00;2020;12;14;11;17;100,0;31;31;0;14;0,0;Totalt i retning Linaaesgate;-;-;-;-;-;-;-
15287B2124175;Vestsiden skole ;PV97671 S1D10 m167;2020-12-01T00:00+01:00;2021-01-01T00:00+01:00;2020;12;27;21;33;100,0;31;31;0;27;0,0;Totalt;-;-;-;-;-;-;-
ERROR writing the response. File may not be complete
null