Linje;Period;År;Måned;Antall
8001;2023/01;2023;1;137 343
8001;2023/02;2023;2;124 805
8001;2023/03;2023;3;149 892
8001;2023/04;2023;4;113 835
8001;2023/05;2023;5;125 789
8001;2023/06;2023;6;119 201
8001;2023/07;2023;7;87 885
8001;2023/08;2023;8;117 597
8001;2023/09;2023;9;138 575
8002;2023/01;2023;1;109 327
8002;2023/02;2023;2;96 091
8002;2023/03;2023;3;120 308
8002;2023/04;2023;4;84 480
8002;2023/05;2023;5;91 238
8002;2023/06;2023;6;76 821
8002;2023/07;2023;7;45 611
8002;2023/08;2023;8;79 903
8002;2023/09;2023;9;103 772
8003;2023/01;2023;1;107 601
8003;2023/02;2023;2;96 740
8003;2023/03;2023;3;116 433
8003;2023/04;2023;4;82 827
8003;2023/05;2023;5;91 422
8003;2023/06;2023;6;82 379
8003;2023/07;2023;7;52 041
8003;2023/08;2023;8;83 458
8003;2023/09;2023;9;104 786
8004;2023/01;2023;1;19 319
8004;2023/02;2023;2;17 583
8004;2023/03;2023;3;20 909
8004;2023/04;2023;4;13 766
8004;2023/05;2023;5;14 715
8004;2023/06;2023;6;14 220
8004;2023/07;2023;7;8 519
8004;2023/08;2023;8;14 002
8004;2023/09;2023;9;17 521
8005;2023/01;2023;1;16 728
8005;2023/02;2023;2;14 552
8005;2023/03;2023;3;18 140
8005;2023/04;2023;4;12 524
8005;2023/05;2023;5;13 241
8005;2023/06;2023;6;11 869
8005;2023/07;2023;7;7 547
8005;2023/08;2023;8;11 588
8005;2023/09;2023;9;15 121
8006;2023/01;2023;1;17 769
8006;2023/02;2023;2;14 649
8006;2023/03;2023;3;18 881
8006;2023/04;2023;4;11 787
8006;2023/05;2023;5;13 890
8006;2023/06;2023;6;11 649
8006;2023/07;2023;7;6 175
8006;2023/08;2023;8;11 988
8006;2023/09;2023;9;15 818
8007;2023/01;2023;1;13 007
8007;2023/02;2023;2;10 743
8007;2023/03;2023;3;13 143
8007;2023/04;2023;4;8 624
8007;2023/05;2023;5;9 372
8007;2023/06;2023;6;9 034
8007;2023/07;2023;7;5 063
8007;2023/08;2023;8;9 352
8007;2023/09;2023;9;11 734
8008;2023/01;2023;1;3 505
8008;2023/02;2023;2;3 201
8008;2023/03;2023;3;3 914
8008;2023/04;2023;4;2 564
8008;2023/05;2023;5;2 739
8008;2023/06;2023;6;2 746
8008;2023/07;2023;7;1 854
8008;2023/08;2023;8;3 012
8008;2023/09;2023;9;3 822
8010;2023/01;2023;1;6 440
8010;2023/02;2023;2;4 992
8010;2023/03;2023;3;7 438
8010;2023/04;2023;4;4 547
8010;2023/05;2023;5;5 297
8010;2023/06;2023;6;3 744
8010;2023/07;2023;7;1 844
8010;2023/08;2023;8;4 925
8010;2023/09;2023;9;7 950
8011;2023/01;2023;1;1 348
8011;2023/02;2023;2;1 374
8011;2023/03;2023;3;1 944
8011;2023/04;2023;4;1 408
8011;2023/05;2023;5;1 534
8011;2023/06;2023;6;1 497
8011;2023/07;2023;7;808
8011;2023/08;2023;8;2 099
8011;2023/09;2023;9;1 646
8012;2023/01;2023;1;1 798
8012;2023/02;2023;2;1 565
8012;2023/03;2023;3;1 837
8012;2023/04;2023;4;1 354
8012;2023/05;2023;5;1 281
8012;2023/06;2023;6;1 091
8012;2023/07;2023;7;687
8012;2023/08;2023;8;1 289
8012;2023/09;2023;9;1 467
8013;2023/01;2023;1;1 847
8013;2023/02;2023;2;1 611
8013;2023/03;2023;3;1 960
8013;2023/04;2023;4;1 273
8013;2023/05;2023;5;1 442
8013;2023/06;2023;6;1 151
8013;2023/07;2023;7;660
8013;2023/08;2023;8;1 500
8013;2023/09;2023;9;1 571
8014;2023/01;2023;1;1 043
8014;2023/02;2023;2;923
8014;2023/03;2023;3;1 223
8014;2023/04;2023;4;922
8014;2023/05;2023;5;1 071
8014;2023/06;2023;6;956
8014;2023/07;2023;7;857
8014;2023/08;2023;8;1 567
8014;2023/09;2023;9;1 153
8015;2023/01;2023;1;1 505
8015;2023/02;2023;2;1 310
8015;2023/03;2023;3;1 747
8015;2023/04;2023;4;1 005
8015;2023/05;2023;5;1 213
8015;2023/06;2023;6;1 000
8015;2023/07;2023;7;625
8015;2023/08;2023;8;1 135
8015;2023/09;2023;9;1 189
8016;2023/01;2023;1;970
8016;2023/02;2023;2;753
8016;2023/03;2023;3;1 161
8016;2023/04;2023;4;820
8016;2023/05;2023;5;865
8016;2023/06;2023;6;678
8016;2023/07;2023;7;519
8016;2023/08;2023;8;1 454
8016;2023/09;2023;9;828
8084;2023/01;2023;1;758
8084;2023/02;2023;2;605
8084;2023/03;2023;3;678
8084;2023/04;2023;4;436
8084;2023/05;2023;5;408
8084;2023/06;2023;6;437
8084;2023/07;2023;7;285
8084;2023/08;2023;8;479
8084;2023/09;2023;9;430
8101;2023/01;2023;1;1 210
8101;2023/02;2023;2;901
8101;2023/03;2023;3;1 998
8101;2023/04;2023;4;987
8101;2023/05;2023;5;1 192
8101;2023/06;2023;6;624
8101;2023/07;2023;7;11
8101;2023/08;2023;8;537
8101;2023/09;2023;9;1 173
8102;2023/01;2023;1;2 186
8102;2023/02;2023;2;1 786
8102;2023/03;2023;3;2 342
8102;2023/04;2023;4;1 774
8102;2023/05;2023;5;1 981
8102;2023/06;2023;6;1 489
8102;2023/07;2023;7;893
8102;2023/08;2023;8;1 398
8102;2023/09;2023;9;2 360
8103;2023/01;2023;1;6 340
8103;2023/02;2023;2;5 799
8103;2023/03;2023;3;7 926
8103;2023/04;2023;4;5 045
8103;2023/05;2023;5;6 099
8103;2023/06;2023;6;4 944
8103;2023/07;2023;7;2 574
8103;2023/08;2023;8;5 134
8103;2023/09;2023;9;8 226
8104;2023/01;2023;1;426
8104;2023/02;2023;2;321
8104;2023/03;2023;3;517
8104;2023/04;2023;4;348
8104;2023/05;2023;5;405
8104;2023/06;2023;6;245
8104;2023/08;2023;8;205
8104;2023/09;2023;9;571
8111;2023/01;2023;1;1 282
8111;2023/02;2023;2;892
8111;2023/03;2023;3;1 354
8111;2023/04;2023;4;797
8111;2023/05;2023;5;1 041
8111;2023/06;2023;6;598
8111;2023/08;2023;8;659
8111;2023/09;2023;9;1 322
8113;2023/01;2023;1;21
8113;2023/02;2023;2;19
8113;2023/03;2023;3;49
8113;2023/04;2023;4;16
8113;2023/05;2023;5;20
8113;2023/06;2023;6;14
8113;2023/08;2023;8;17
8113;2023/09;2023;9;66
8115;2023/01;2023;1;667
8115;2023/02;2023;2;499
8115;2023/03;2023;3;833
8115;2023/04;2023;4;328
8115;2023/05;2023;5;410
8115;2023/06;2023;6;300
8115;2023/08;2023;8;198
8115;2023/09;2023;9;518
8116;2023/01;2023;1;1 974
8116;2023/02;2023;2;1 687
8116;2023/03;2023;3;2 193
8116;2023/04;2023;4;1 212
8116;2023/05;2023;5;1 419
8116;2023/06;2023;6;2 197
8116;2023/07;2023;7;2 941
8116;2023/08;2023;8;1 630
8116;2023/09;2023;9;1 506
8117;2023/01;2023;1;572
8117;2023/02;2023;2;458
8117;2023/03;2023;3;300
8117;2023/04;2023;4;221
8117;2023/05;2023;5;238
8117;2023/06;2023;6;346
8117;2023/07;2023;7;172
8117;2023/08;2023;8;190
8117;2023/09;2023;9;209
8121;2023/01;2023;1;977
8121;2023/02;2023;2;604
8121;2023/03;2023;3;1 064
8121;2023/04;2023;4;642
8121;2023/05;2023;5;575
8121;2023/06;2023;6;162
8121;2023/08;2023;8;398
8121;2023/09;2023;9;921
8122;2023/01;2023;1;1 220
8122;2023/02;2023;2;803
8122;2023/03;2023;3;1 189
8122;2023/04;2023;4;625
8122;2023/05;2023;5;807
8122;2023/06;2023;6;521
8122;2023/08;2023;8;367
8122;2023/09;2023;9;1 031
8123;2023/01;2023;1;2 257
8123;2023/02;2023;2;1 527
8123;2023/03;2023;3;2 437
8123;2023/04;2023;4;1 263
8123;2023/05;2023;5;1 573
8123;2023/06;2023;6;868
8123;2023/08;2023;8;695
8123;2023/09;2023;9;1 872
8127;2023/01;2023;1;894
8127;2023/02;2023;2;643
8127;2023/03;2023;3;1 012
8127;2023/04;2023;4;559
8127;2023/05;2023;5;731
8127;2023/06;2023;6;442
8127;2023/08;2023;8;499
8127;2023/09;2023;9;1 181
8128;2023/01;2023;1;268
8128;2023/02;2023;2;197
8128;2023/03;2023;3;333
8128;2023/04;2023;4;201
8128;2023/05;2023;5;261
8128;2023/06;2023;6;131
8128;2023/08;2023;8;110
8128;2023/09;2023;9;288
8129;2023/01;2023;1;110
8129;2023/02;2023;2;89
8129;2023/03;2023;3;131
8129;2023/04;2023;4;179
8129;2023/05;2023;5;130
8129;2023/06;2023;6;140
8129;2023/07;2023;7;111
8129;2023/08;2023;8;99
8129;2023/09;2023;9;129
8131;2023/01;2023;1;832
8131;2023/02;2023;2;359
8131;2023/03;2023;3;673
8131;2023/04;2023;4;439
8131;2023/05;2023;5;573
8131;2023/06;2023;6;455
8131;2023/07;2023;7;256
8131;2023/08;2023;8;425
8131;2023/09;2023;9;679
8132;2023/01;2023;1;1 921
8132;2023/02;2023;2;1 316
8132;2023/03;2023;3;1 801
8132;2023/04;2023;4;1 227
8132;2023/05;2023;5;1 345
8132;2023/06;2023;6;474
8132;2023/08;2023;8;639
8132;2023/09;2023;9;1 586
8133;2023/01;2023;1;2 123
8133;2023/02;2023;2;1 325
8133;2023/03;2023;3;2 195
8133;2023/04;2023;4;1 388
8133;2023/05;2023;5;1 809
8133;2023/06;2023;6;967
8133;2023/08;2023;8;808
8133;2023/09;2023;9;2 005
8135;2023/01;2023;1;455
8135;2023/02;2023;2;335
8135;2023/03;2023;3;510
8135;2023/04;2023;4;300
8135;2023/05;2023;5;356
8135;2023/06;2023;6;235
8135;2023/08;2023;8;203
8135;2023/09;2023;9;475
8136;2023/01;2023;1;619
8136;2023/02;2023;2;495
8136;2023/03;2023;3;621
8136;2023/04;2023;4;420
8136;2023/05;2023;5;473
8136;2023/06;2023;6;299
8136;2023/08;2023;8;188
8136;2023/09;2023;9;566
8140;2023/05;2023;5;77
8140;2023/06;2023;6;264
8140;2023/07;2023;7;475
8140;2023/08;2023;8;305
8140;2023/09;2023;9;162
8141;2023/01;2023;1;2 102
8141;2023/02;2023;2;1 349
8141;2023/03;2023;3;1 937
8141;2023/04;2023;4;1 359
8141;2023/05;2023;5;1 359
8141;2023/06;2023;6;706
8141;2023/08;2023;8;828
8141;2023/09;2023;9;1 995
8142;2023/01;2023;1;2 420
8142;2023/02;2023;2;1 636
8142;2023/03;2023;3;2 183
8142;2023/04;2023;4;1 486
8142;2023/05;2023;5;1 501
8142;2023/06;2023;6;879
8142;2023/07;2023;7;360
8142;2023/08;2023;8;1 053
8142;2023/09;2023;9;1 877
8143;2023/01;2023;1;1 251
8143;2023/02;2023;2;1 079
8143;2023/03;2023;3;1 169
8143;2023/04;2023;4;1 011
8143;2023/05;2023;5;848
8143;2023/06;2023;6;714
8143;2023/07;2023;7;476
8143;2023/08;2023;8;898
8143;2023/09;2023;9;1 227
8144;2023/01;2023;1;592
8144;2023/02;2023;2;449
8144;2023/03;2023;3;553
8144;2023/04;2023;4;423
8144;2023/05;2023;5;549
8144;2023/06;2023;6;332
8144;2023/08;2023;8;245
8144;2023/09;2023;9;482
8145;2023/01;2023;1;389
8145;2023/02;2023;2;270
8145;2023/03;2023;3;422
8145;2023/04;2023;4;303
8145;2023/05;2023;5;357
8145;2023/06;2023;6;174
8145;2023/08;2023;8;176
8145;2023/09;2023;9;455
8146;2023/01;2023;1;789
8146;2023/02;2023;2;558
8146;2023/03;2023;3;655
8146;2023/04;2023;4;399
8146;2023/05;2023;5;575
8146;2023/06;2023;6;396
8146;2023/08;2023;8;373
8146;2023/09;2023;9;430
8147;2023/01;2023;1;421
8147;2023/02;2023;2;294
8147;2023/03;2023;3;414
8147;2023/04;2023;4;201
8147;2023/05;2023;5;309
8147;2023/06;2023;6;173
8147;2023/08;2023;8;186
8147;2023/09;2023;9;480
8150;2023/01;2023;1;715
8150;2023/02;2023;2;388
8150;2023/03;2023;3;646
8150;2023/04;2023;4;434
8150;2023/05;2023;5;525
8150;2023/06;2023;6;335
8150;2023/08;2023;8;262
8150;2023/09;2023;9;680
8151;2023/01;2023;1;1 536
8151;2023/02;2023;2;1 182
8151;2023/03;2023;3;1 560
8151;2023/04;2023;4;974
8151;2023/05;2023;5;1 134
8151;2023/06;2023;6;688
8151;2023/08;2023;8;699
8151;2023/09;2023;9;1 555
8162;2023/01;2023;1;159
8162;2023/02;2023;2;267
8162;2023/03;2023;3;454
8162;2023/04;2023;4;211
8162;2023/05;2023;5;273
8162;2023/06;2023;6;142
8162;2023/08;2023;8;158
8162;2023/09;2023;9;400
8163;2023/01;2023;1;431
8163;2023/02;2023;2;313
8163;2023/03;2023;3;511
8163;2023/04;2023;4;319
8163;2023/05;2023;5;192
8163;2023/06;2023;6;164
8163;2023/08;2023;8;94
8163;2023/09;2023;9;313
8182;2023/01;2023;1;18 375
8182;2023/02;2023;2;16 338
8182;2023/03;2023;3;21 040
8182;2023/04;2023;4;15 472
8182;2023/05;2023;5;17 573
8182;2023/06;2023;6;15 052
8182;2023/07;2023;7;11 918
8182;2023/08;2023;8;16 601
8182;2023/09;2023;9;22 469
8185;2023/01;2023;1;4 891
8185;2023/02;2023;2;4 401
8185;2023/03;2023;3;5 631
8185;2023/04;2023;4;4 935
8185;2023/05;2023;5;4 647
8185;2023/06;2023;6;4 515
8185;2023/07;2023;7;3 907
8185;2023/08;2023;8;4 638
8185;2023/09;2023;9;5 127
8200;2023/02;2023;2;437
8200;2023/03;2023;3;301
8200;2023/04;2023;4;349
8209;2023/01;2023;1;9 793
8209;2023/02;2023;2;7 261
8209;2023/03;2023;3;11 471
8209;2023/04;2023;4;7 060
8209;2023/05;2023;5;8 399
8209;2023/06;2023;6;5 373
8209;2023/07;2023;7;976
8209;2023/08;2023;8;4 710
8209;2023/09;2023;9;9 653
8210;2023/08;2023;8;296
8210;2023/09;2023;9;641
8281;2023/01;2023;1;4 769
8281;2023/02;2023;2;4 806
8281;2023/03;2023;3;6 086
8281;2023/04;2023;4;6 627
8281;2023/05;2023;5;6 140
8281;2023/06;2023;6;7 053
8281;2023/07;2023;7;7 313
8281;2023/08;2023;8;6 357
8281;2023/09;2023;9;7 962
8282;2023/06;2023;6;36
8282;2023/07;2023;7;755
8282;2023/08;2023;8;221
8301;2023/01;2023;1;4 396
8301;2023/02;2023;2;3 175
8301;2023/03;2023;3;4 715
8301;2023/04;2023;4;2 890
8301;2023/05;2023;5;3 385
8301;2023/06;2023;6;1 887
8301;2023/08;2023;8;2 082
8301;2023/09;2023;9;4 572
8305;2023/01;2023;1;2 790
8305;2023/02;2023;2;1 846
8305;2023/03;2023;3;2 864
8305;2023/04;2023;4;1 591
8305;2023/05;2023;5;1 805
8305;2023/06;2023;6;1 056
8305;2023/08;2023;8;1 051
8305;2023/09;2023;9;2 583
8312;2023/01;2023;1;2 722
8312;2023/02;2023;2;2 053
8312;2023/03;2023;3;3 101
8312;2023/04;2023;4;1 805
8312;2023/05;2023;5;2 041
8312;2023/06;2023;6;1 082
8312;2023/08;2023;8;938
8312;2023/09;2023;9;2 108
8313;2023/01;2023;1;608
8313;2023/02;2023;2;458
8313;2023/03;2023;3;612
8313;2023/04;2023;4;334
8313;2023/05;2023;5;383
8313;2023/06;2023;6;185
8313;2023/08;2023;8;212
8313;2023/09;2023;9;584
8320;2023/01;2023;1;15
8320;2023/02;2023;2;10
8320;2023/03;2023;3;24
8320;2023/04;2023;4;28
8320;2023/05;2023;5;7
8320;2023/06;2023;6;11
8320;2023/08;2023;8;6
8320;2023/09;2023;9;24
8321;2023/01;2023;1;1 057
8321;2023/02;2023;2;685
8321;2023/03;2023;3;1 013
8321;2023/04;2023;4;448
8321;2023/05;2023;5;603
8321;2023/06;2023;6;343
8321;2023/08;2023;8;387
8321;2023/09;2023;9;985
8322;2023/01;2023;1;10 972
8322;2023/02;2023;2;7 563
8322;2023/03;2023;3;11 594
8322;2023/04;2023;4;6 537
8322;2023/05;2023;5;7 926
8322;2023/06;2023;6;3 608
8322;2023/08;2023;8;3 686
8322;2023/09;2023;9;10 155
8323;2023/01;2023;1;7 570
8323;2023/02;2023;2;6 226
8323;2023/03;2023;3;8 305
8323;2023/04;2023;4;5 675
8323;2023/05;2023;5;6 852
8323;2023/06;2023;6;5 701
8323;2023/07;2023;7;4 161
8323;2023/08;2023;8;5 407
8323;2023/09;2023;9;7 610
8459;2023/01;2023;1;4 752
8459;2023/02;2023;2;4 053
8459;2023/03;2023;3;5 041
8459;2023/04;2023;4;3 206
8459;2023/05;2023;5;3 887
8459;2023/06;2023;6;3 051
8459;2023/07;2023;7;2 124
8459;2023/08;2023;8;3 324
8459;2023/09;2023;9;4 680
8460;2023/01;2023;1;412
8460;2023/02;2023;2;278
8460;2023/03;2023;3;436
8460;2023/04;2023;4;295
8460;2023/05;2023;5;335
8460;2023/06;2023;6;211
8460;2023/08;2023;8;187
8460;2023/09;2023;9;483
8461;2023/01;2023;1;1 944
8461;2023/02;2023;2;1 309
8461;2023/03;2023;3;2 011
8461;2023/04;2023;4;1 119
8461;2023/05;2023;5;1 504
8461;2023/06;2023;6;800
8461;2023/08;2023;8;733
8461;2023/09;2023;9;1 962
8462;2023/01;2023;1;304
8462;2023/02;2023;2;217
8462;2023/03;2023;3;298
8462;2023/04;2023;4;197
8462;2023/05;2023;5;209
8462;2023/06;2023;6;140
8462;2023/08;2023;8;129
8462;2023/09;2023;9;301
8463;2023/01;2023;1;867
8463;2023/02;2023;2;601
8463;2023/03;2023;3;835
8463;2023/04;2023;4;521
8463;2023/05;2023;5;575
8463;2023/06;2023;6;294
8463;2023/08;2023;8;338
8463;2023/09;2023;9;824
8501;2023/01;2023;1;2 044
8501;2023/02;2023;2;1 291
8501;2023/03;2023;3;2 036
8501;2023/04;2023;4;1 165
8501;2023/05;2023;5;1 606
8501;2023/06;2023;6;744
8501;2023/08;2023;8;654
8501;2023/09;2023;9;1 664
8502;2023/01;2023;1;1 164
8502;2023/02;2023;2;818
8502;2023/03;2023;3;1 378
8502;2023/04;2023;4;752
8502;2023/05;2023;5;946
8502;2023/06;2023;6;582
8502;2023/08;2023;8;548
8502;2023/09;2023;9;1 169
8504;2023/01;2023;1;802
8504;2023/02;2023;2;451
8504;2023/03;2023;3;598
8504;2023/04;2023;4;359
8504;2023/05;2023;5;402
8504;2023/06;2023;6;182
8504;2023/08;2023;8;237
8504;2023/09;2023;9;588
8506;2023/01;2023;1;3 838
8506;2023/02;2023;2;3 498
8506;2023/03;2023;3;4 051
8506;2023/04;2023;4;2 436
8506;2023/05;2023;5;2 939
8506;2023/06;2023;6;2 355
8506;2023/07;2023;7;1 350
8506;2023/08;2023;8;1 709
8506;2023/09;2023;9;1 842
8507;2023/01;2023;1;420
8507;2023/02;2023;2;241
8507;2023/03;2023;3;352
8507;2023/04;2023;4;184
8507;2023/05;2023;5;245
8507;2023/06;2023;6;99
8507;2023/08;2023;8;130
8507;2023/09;2023;9;301
8508;2023/08;2023;8;230
8508;2023/09;2023;9;767
8601;2023/01;2023;1;2 584
8601;2023/02;2023;2;2 057
8601;2023/03;2023;3;2 844
8601;2023/04;2023;4;1 958
8601;2023/05;2023;5;2 163
8601;2023/06;2023;6;1 496
8601;2023/07;2023;7;718
8601;2023/08;2023;8;1 532
8601;2023/09;2023;9;2 314
8602;2023/01;2023;1;455
8602;2023/02;2023;2;302
8602;2023/03;2023;3;437
8602;2023/04;2023;4;280
8602;2023/05;2023;5;324
8602;2023/06;2023;6;205
8602;2023/07;2023;7;9
8602;2023/08;2023;8;162
8602;2023/09;2023;9;345
8603;2023/01;2023;1;1 663
8603;2023/02;2023;2;1 159
8603;2023/03;2023;3;1 836
8603;2023/04;2023;4;1 090
8603;2023/05;2023;5;1 303
8603;2023/06;2023;6;769
8603;2023/07;2023;7;103
8603;2023/08;2023;8;735
8603;2023/09;2023;9;1 595
8604;2023/01;2023;1;253
8604;2023/02;2023;2;178
8604;2023/03;2023;3;273
8604;2023/04;2023;4;177
8604;2023/05;2023;5;239
8604;2023/06;2023;6;137
8604;2023/08;2023;8;109
8604;2023/09;2023;9;225
8605;2023/01;2023;1;311
8605;2023/02;2023;2;223
8605;2023/03;2023;3;371
8605;2023/04;2023;4;260
8605;2023/05;2023;5;303
8605;2023/06;2023;6;175
8605;2023/08;2023;8;86
8605;2023/09;2023;9;232
8606;2023/01;2023;1;1 235
8606;2023/02;2023;2;837
8606;2023/03;2023;3;1 391
8606;2023/04;2023;4;819
8606;2023/05;2023;5;997
8606;2023/06;2023;6;552
8606;2023/08;2023;8;487
8606;2023/09;2023;9;1 120
8607;2023/01;2023;1;3 895
8607;2023/02;2023;2;2 887
8607;2023/03;2023;3;4 206
8607;2023/04;2023;4;2 594
8607;2023/05;2023;5;3 262
8607;2023/06;2023;6;2 152
8607;2023/07;2023;7;910
8607;2023/08;2023;8;2 113
8607;2023/09;2023;9;3 994
8609;2023/01;2023;1;4 885
8609;2023/02;2023;2;4 163
8609;2023/03;2023;3;5 391
8609;2023/04;2023;4;3 868
8609;2023/05;2023;5;4 731
8609;2023/06;2023;6;4 293
8609;2023/07;2023;7;4 523
8609;2023/08;2023;8;3 953
8609;2023/09;2023;9;4 497
8610;2023/01;2023;1;363
8610;2023/02;2023;2;224
8610;2023/03;2023;3;351
8610;2023/04;2023;4;223
8610;2023/05;2023;5;294
8610;2023/06;2023;6;132
8610;2023/08;2023;8;91
8610;2023/09;2023;9;254
8701;2023/01;2023;1;1 050
8701;2023/02;2023;2;843
8701;2023/03;2023;3;1 169
8701;2023/04;2023;4;658
8701;2023/05;2023;5;889
8701;2023/06;2023;6;622
8701;2023/07;2023;7;383
8701;2023/08;2023;8;804
8701;2023/09;2023;9;1 144
8702;2023/01;2023;1;580
8702;2023/02;2023;2;437
8702;2023/03;2023;3;667
8702;2023/04;2023;4;379
8702;2023/05;2023;5;418
8702;2023/06;2023;6;297
8702;2023/08;2023;8;218
8702;2023/09;2023;9;437
8710;2023/01;2023;1;1 125
8710;2023/02;2023;2;1 036
8710;2023/03;2023;3;2 149
8710;2023/04;2023;4;2 079
8710;2023/05;2023;5;2 205
8710;2023/06;2023;6;1 865
8710;2023/07;2023;7;1 275
8710;2023/08;2023;8;1 238
8710;2023/09;2023;9;2 588
8711;2023/01;2023;1;3 067
8711;2023/02;2023;2;2 507
8711;2023/03;2023;3;3 316
8711;2023/04;2023;4;4 103
8711;2023/05;2023;5;5 222
8711;2023/06;2023;6;7 292
8711;2023/07;2023;7;15 597
8711;2023/08;2023;8;7 592
8711;2023/09;2023;9;4 265
8712;2023/01;2023;1;5 735
8712;2023/02;2023;2;5 911
8712;2023/03;2023;3;6 957
8712;2023/04;2023;4;14 209
8712;2023/05;2023;5;16 491
8712;2023/06;2023;6;16 470
8712;2023/07;2023;7;37 358
8712;2023/08;2023;8;14 883
8712;2023/09;2023;9;10 563
8801;2023/01;2023;1;1 657
8801;2023/02;2023;2;1 183
8801;2023/03;2023;3;1 833
8801;2023/04;2023;4;1 042
8801;2023/05;2023;5;1 019
8801;2023/06;2023;6;444
8801;2023/08;2023;8;538
8801;2023/09;2023;9;1 610
8802;2023/01;2023;1;9
8802;2023/02;2023;2;11
8802;2023/03;2023;3;1
8802;2023/04;2023;4;5
8802;2023/05;2023;5;46
8802;2023/08;2023;8;70
8802;2023/09;2023;9;116
8803;2023/01;2023;1;693
8803;2023/02;2023;2;600
8803;2023/03;2023;3;1 524
8803;2023/04;2023;4;1 130
8803;2023/05;2023;5;1 453
8803;2023/06;2023;6;761
8803;2023/08;2023;8;1 407
8803;2023/09;2023;9;3 496
8804;2023/01;2023;1;1 689
8804;2023/02;2023;2;1 057
8804;2023/03;2023;3;1 739
8804;2023/04;2023;4;946
8804;2023/05;2023;5;1 226
8804;2023/06;2023;6;699
8804;2023/08;2023;8;754
8804;2023/09;2023;9;1 702
8805;2023/01;2023;1;3 131
8805;2023/02;2023;2;1 983
8805;2023/03;2023;3;3 257
8805;2023/04;2023;4;1 808
8805;2023/05;2023;5;1 850
8805;2023/06;2023;6;585
8805;2023/08;2023;8;1 129
8805;2023/09;2023;9;2 102
8806;2023/01;2023;1;1 983
8806;2023/02;2023;2;1 279
8806;2023/03;2023;3;1 949
8806;2023/04;2023;4;1 154
8806;2023/05;2023;5;1 145
8806;2023/06;2023;6;546
8806;2023/08;2023;8;917
8806;2023/09;2023;9;1 790
8807;2023/01;2023;1;489
8807;2023/02;2023;2;345
8807;2023/03;2023;3;584
8807;2023/04;2023;4;288
8807;2023/05;2023;5;398
8807;2023/06;2023;6;263
8807;2023/08;2023;8;202
8807;2023/09;2023;9;537
8808;2023/01;2023;1;735
8808;2023/02;2023;2;551
8808;2023/03;2023;3;802
8808;2023/04;2023;4;480
8808;2023/05;2023;5;507
8808;2023/06;2023;6;233
8808;2023/08;2023;8;373
8808;2023/09;2023;9;969
8810;2023/01;2023;1;540
8810;2023/02;2023;2;364
8810;2023/03;2023;3;532
8810;2023/04;2023;4;255
8810;2023/05;2023;5;310
8810;2023/06;2023;6;61
8810;2023/08;2023;8;67
8810;2023/09;2023;9;250
8811;2023/01;2023;1;816
8811;2023/02;2023;2;552
8811;2023/03;2023;3;736
8811;2023/04;2023;4;352
8811;2023/05;2023;5;453
8811;2023/06;2023;6;135
8811;2023/08;2023;8;342
8811;2023/09;2023;9;968
8812;2023/01;2023;1;153
8812;2023/02;2023;2;105
8812;2023/03;2023;3;188
8812;2023/04;2023;4;84
8812;2023/05;2023;5;157
8812;2023/06;2023;6;71
8812;2023/08;2023;8;76
8812;2023/09;2023;9;153
8814;2023/01;2023;1;856
8814;2023/02;2023;2;497
8814;2023/03;2023;3;758
8814;2023/04;2023;4;376
8814;2023/05;2023;5;352
8814;2023/06;2023;6;85
8814;2023/08;2023;8;331
8814;2023/09;2023;9;892
8815;2023/01;2023;1;263
8815;2023/02;2023;2;211
8815;2023/03;2023;3;281
8815;2023/04;2023;4;134
8815;2023/05;2023;5;151
8815;2023/06;2023;6;17
8815;2023/08;2023;8;42
8815;2023/09;2023;9;190
8816;2023/01;2023;1;738
8816;2023/02;2023;2;476
8816;2023/03;2023;3;696
8816;2023/04;2023;4;405
8816;2023/05;2023;5;443
8816;2023/06;2023;6;116
8816;2023/08;2023;8;232
8816;2023/09;2023;9;770
8817;2023/01;2023;1;938
8817;2023/02;2023;2;658
8817;2023/03;2023;3;727
8817;2023/04;2023;4;388
8817;2023/05;2023;5;457
8817;2023/06;2023;6;112
8817;2023/08;2023;8;259
8817;2023/09;2023;9;807
8818;2023/01;2023;1;849
8818;2023/02;2023;2;519
8818;2023/03;2023;3;832
8818;2023/04;2023;4;435
8818;2023/05;2023;5;448
8818;2023/06;2023;6;124
8818;2023/08;2023;8;395
8818;2023/09;2023;9;990
8819;2023/01;2023;1;1 408
8819;2023/02;2023;2;721
8819;2023/03;2023;3;1 150
8819;2023/04;2023;4;537
8819;2023/05;2023;5;643
8819;2023/06;2023;6;127
8819;2023/08;2023;8;503
8819;2023/09;2023;9;1 178
8820;2023/01;2023;1;360
8820;2023/02;2023;2;248
8820;2023/03;2023;3;360
8820;2023/04;2023;4;243
8820;2023/05;2023;5;252
8820;2023/06;2023;6;128
8820;2023/08;2023;8;79
8820;2023/09;2023;9;211
8822;2023/01;2023;1;1
8822;2023/04;2023;4;4
8822;2023/05;2023;5;2
8822;2023/08;2023;8;3
8822;2023/09;2023;9;10
8881;2023/01;2023;1;2 503
8881;2023/02;2023;2;1 893
8881;2023/03;2023;3;3 005
8881;2023/04;2023;4;1 862
8881;2023/05;2023;5;2 230
8881;2023/06;2023;6;1 051
8881;2023/08;2023;8;1 077
8881;2023/09;2023;9;2 564
8882;2023/01;2023;1;2 201
8882;2023/02;2023;2;1 586
8882;2023/03;2023;3;2 421
8882;2023/04;2023;4;1 182
8882;2023/05;2023;5;1 588
8882;2023/06;2023;6;916
8882;2023/08;2023;8;849
8882;2023/09;2023;9;2 122
8885;2023/01;2023;1;615
8885;2023/02;2023;2;422
8885;2023/03;2023;3;676
8885;2023/04;2023;4;324
8885;2023/05;2023;5;443
8885;2023/06;2023;6;264
8885;2023/08;2023;8;262
8885;2023/09;2023;9;632
8887;2023/01;2023;1;4 533
8887;2023/02;2023;2;3 314
8887;2023/03;2023;3;4 944
8887;2023/04;2023;4;2 798
8887;2023/05;2023;5;3 476
8887;2023/06;2023;6;1 685
8887;2023/08;2023;8;1 617
8887;2023/09;2023;9;4 330
8888;2023/01;2023;1;1 764
8888;2023/02;2023;2;1 300
8888;2023/03;2023;3;2 095
8888;2023/04;2023;4;1 252
8888;2023/05;2023;5;1 323
8888;2023/06;2023;6;734
8888;2023/08;2023;8;705
8888;2023/09;2023;9;2 092
8890;2023/01;2023;1;554
8890;2023/02;2023;2;398
8890;2023/03;2023;3;609
8890;2023/04;2023;4;360
8890;2023/05;2023;5;443
8890;2023/06;2023;6;260
8890;2023/08;2023;8;186
8890;2023/09;2023;9;415
8892;2023/01;2023;1;1 428
8892;2023/02;2023;2;1 002
8892;2023/03;2023;3;1 610
8892;2023/04;2023;4;855
8892;2023/05;2023;5;1 144
8892;2023/06;2023;6;676
8892;2023/08;2023;8;622
8892;2023/09;2023;9;1 510
8893;2023/01;2023;1;473
8893;2023/02;2023;2;323
8893;2023/03;2023;3;480
8893;2023/04;2023;4;262
8893;2023/05;2023;5;284
8893;2023/06;2023;6;185
8893;2023/08;2023;8;144
8893;2023/09;2023;9;378
8894;2023/01;2023;1;1 212
8894;2023/02;2023;2;771
8894;2023/03;2023;3;1 345
8894;2023/04;2023;4;681
8894;2023/05;2023;5;783
8894;2023/06;2023;6;391
8894;2023/08;2023;8;354
8894;2023/09;2023;9;748
8895;2023/01;2023;1;491
8895;2023/02;2023;2;358
8895;2023/03;2023;3;538
8895;2023/04;2023;4;284
8895;2023/05;2023;5;306
8895;2023/06;2023;6;180
8895;2023/08;2023;8;136
8895;2023/09;2023;9;305
8896;2023/01;2023;1;2 160
8896;2023/02;2023;2;1 489
8896;2023/03;2023;3;2 180
8896;2023/04;2023;4;1 171
8896;2023/05;2023;5;1 364
8896;2023/06;2023;6;761
8896;2023/08;2023;8;776
8896;2023/09;2023;9;1 903
8897;2023/01;2023;1;1 446
8897;2023/02;2023;2;963
8897;2023/03;2023;3;1 459
8897;2023/04;2023;4;812
8897;2023/05;2023;5;991
8897;2023/06;2023;6;460
8897;2023/08;2023;8;448
8897;2023/09;2023;9;1 024
8898;2023/01;2023;1;932
8898;2023/02;2023;2;612
8898;2023/03;2023;3;973
8898;2023/04;2023;4;561
8898;2023/05;2023;5;750
8898;2023/06;2023;6;475
8898;2023/08;2023;8;375
8898;2023/09;2023;9;906
8899;2023/01;2023;1;1 406
8899;2023/02;2023;2;1 036
8899;2023/03;2023;3;1 544
8899;2023/04;2023;4;962
8899;2023/05;2023;5;1 129
8899;2023/06;2023;6;701
8899;2023/08;2023;8;628
8899;2023/09;2023;9;1 480
8901;2023/01;2023;1;837
8901;2023/02;2023;2;1 004
8901;2023/03;2023;3;1 170
8901;2023/04;2023;4;1 459
8901;2023/05;2023;5;1 136
8901;2023/06;2023;6;1 705
8901;2023/07;2023;7;2 076
8901;2023/08;2023;8;1 145
8901;2023/09;2023;9;1 476
8902;2023/01;2023;1;551
8902;2023/02;2023;2;329
8902;2023/03;2023;3;390
8902;2023/04;2023;4;479
8902;2023/05;2023;5;395
8902;2023/06;2023;6;522
8902;2023/07;2023;7;330
8902;2023/08;2023;8;290
8902;2023/09;2023;9;450
8903;2023/01;2023;1;349
8903;2023/02;2023;2;284
8903;2023/03;2023;3;271
8903;2023/04;2023;4;421
8903;2023/05;2023;5;264
8903;2023/06;2023;6;385
8903;2023/07;2023;7;322
8903;2023/08;2023;8;264
8903;2023/09;2023;9;318
Total;;;;4 782 400
